profile_completeness,has_profile_picture,bio_length,email_pattern_risk,username_pattern_risk,document_valid,account_age_days,login_frequency_per_week,days_since_last_login,activity_score,duplicate_flag,risk_score,label,label_name
86.9,1,102.0,18.7,0.0,1,929.8,3.45,1.1,58.4,0,11.0,0,Verified
100.0,1,85.0,9.9,21.3,1,765.6,1.72,19.1,42.1,0,15.1,0,Verified
56.2,1,163.0,0.0,18.2,1,581.8,4.72,0.8,42.9,0,13.7,0,Verified
81.5,1,205.0,4.4,21.3,1,942.1,2.85,0.7,65.4,0,1.6,0,Verified
53.3,1,0.0,59.5,61.6,0,7.9,28.11,39.2,2.9,0,66.9,2,Rejected
18.9,0,4.0,79.3,37.5,0,59.0,2.38,12.5,18.5,1,73.7,2,Rejected
64.9,0,21.0,65.2,35.7,0,6.4,23.86,29.2,22.1,0,63.8,1,Flagged for Review
63.8,1,42.0,0.0,0.0,1,159.2,4.06,3.6,58.7,0,1.8,0,Verified
85.3,1,112.0,7.9,9.0,1,451.7,6.34,2.5,53.8,0,0.0,0,Verified
71.4,1,144.0,7.1,0.0,1,498.0,6.14,1.6,48.1,0,18.4,0,Verified
0.0,0,14.0,100.0,36.0,0,0.5,0.12,20.4,0.0,1,100.0,2,Rejected
98.7,0,119.0,15.3,4.1,1,416.8,11.65,2.8,60.6,0,1.2,0,Verified
95.4,1,101.0,18.8,17.9,1,454.6,7.06,0.7,78.2,0,5.5,0,Verified
29.4,1,10.0,57.7,19.6,0,8.8,0.07,33.9,6.7,0,75.0,2,Rejected
36.3,0,11.0,42.8,46.9,1,25.6,19.41,49.1,15.5,0,66.6,2,Rejected
45.3,0,12.0,61.0,79.7,0,4.3,0.0,2.7,21.2,0,74.7,2,Rejected
3.7,0,6.0,75.8,69.4,1,5.5,0.25,0.0,0.0,0,70.6,2,Rejected
94.7,1,78.0,33.0,27.6,1,1.0,1.45,1.1,53.6,0,30.9,0,Verified
77.8,1,90.0,13.7,1.0,1,1.0,6.13,2.9,61.2,0,17.3,0,Verified
9.9,0,19.0,55.9,46.4,0,26.4,0.12,36.3,12.0,0,84.4,2,Rejected
86.5,1,7.0,13.6,21.6,1,281.7,2.38,0.0,62.7,0,13.0,0,Verified
7.9,0,5.0,70.2,31.5,1,7.6,0.0,18.2,22.0,0,48.1,1,Flagged for Review
44.3,1,3.0,26.8,47.3,0,2.7,28.41,18.7,6.9,0,70.0,2,Rejected
86.0,1,125.0,7.6,1.1,1,563.1,7.99,0.7,45.5,0,0.0,0,Verified
70.4,1,87.0,9.6,0.0,1,596.0,7.72,4.5,54.5,0,2.6,0,Verified
73.1,1,86.0,22.8,15.0,1,881.3,4.6,1.8,31.1,0,11.4,0,Verified
20.3,0,0.0,53.9,64.0,0,7.7,0.47,12.4,11.1,1,100.0,2,Rejected
67.1,1,0.0,0.0,3.5,1,209.2,2.19,3.1,58.2,0,9.5,0,Verified
100.0,1,178.0,14.3,16.2,1,671.9,10.98,3.9,89.6,0,5.0,0,Verified
58.0,1,5.0,49.4,34.9,0,9.1,0.0,0.7,1.2,1,78.1,2,Rejected
100.0,1,91.0,0.0,31.7,1,384.2,4.88,5.8,65.3,0,11.2,0,Verified
36.2,1,0.0,80.8,36.6,0,2.9,0.0,14.8,7.3,0,71.3,2,Rejected
43.6,0,0.0,31.0,60.5,1,3.7,0.0,14.6,0.0,0,48.9,1,Flagged for Review
63.9,1,116.0,22.6,0.0,1,411.8,12.31,3.2,66.1,0,6.3,0,Verified
72.3,1,73.0,14.8,23.9,1,171.4,3.84,0.0,35.3,0,16.2,0,Verified
69.1,1,92.0,16.3,19.2,1,661.2,7.13,0.2,66.6,0,5.9,0,Verified
18.4,0,33.0,68.1,24.9,1,6.7,17.69,71.7,20.6,0,42.2,1,Flagged for Review
36.7,0,0.0,61.7,54.9,0,90.0,0.0,107.3,13.4,0,66.2,2,Rejected
97.0,1,102.0,17.0,15.6,1,775.6,3.64,3.2,65.3,0,5.7,0,Verified
90.5,1,68.0,0.0,17.1,1,33.8,5.64,1.8,59.9,0,9.2,0,Verified
43.7,0,0.0,64.9,52.1,1,14.6,5.45,20.2,3.5,0,50.5,1,Flagged for Review
61.3,1,103.0,0.0,25.5,1,467.0,3.2,1.9,52.9,0,11.7,0,Verified
0.0,0,19.0,33.3,100.0,0,1.1,35.74,72.6,20.7,1,100.0,2,Rejected
98.1,0,159.0,8.5,10.6,1,706.9,6.7,6.3,31.3,0,8.7,0,Verified
47.4,0,15.0,38.4,41.4,0,0.5,2.44,2.9,45.0,0,64.3,1,Flagged for Review
96.1,1,59.0,0.0,11.4,1,445.2,3.26,2.0,74.9,0,0.0,0,Verified
35.4,1,0.0,27.2,76.0,0,4.5,5.95,6.0,29.4,0,63.8,1,Flagged for Review
78.8,1,110.0,16.3,0.0,1,506.1,1.96,8.2,80.2,0,11.2,0,Verified
70.5,1,103.0,15.6,25.3,1,37.9,9.46,3.9,76.9,0,11.2,0,Verified
62.5,1,12.0,45.5,62.4,0,39.3,17.19,80.6,17.4,1,59.1,1,Flagged for Review
100.0,1,128.0,2.3,8.3,1,484.6,4.78,1.7,62.3,0,5.7,0,Verified
82.0,1,69.0,12.2,26.9,0,539.2,7.61,1.0,51.6,0,27.7,0,Verified
92.9,1,152.0,3.1,15.9,1,179.7,3.2,13.0,55.8,0,0.0,0,Verified
70.9,1,130.0,14.3,16.1,1,90.1,2.11,1.6,46.7,0,14.3,0,Verified
71.1,0,96.0,0.0,0.0,0,359.0,4.67,0.2,55.6,0,41.3,1,Flagged for Review
97.1,1,182.0,5.1,0.0,1,931.5,5.32,1.6,57.5,0,9.5,0,Verified
41.5,1,7.0,65.7,53.2,1,15.5,0.3,40.5,0.0,1,57.2,1,Flagged for Review
30.0,1,3.0,74.4,59.2,0,60.0,23.4,6.9,19.1,0,50.8,1,Flagged for Review
29.2,0,20.0,62.3,32.3,1,2.5,0.42,61.5,12.9,0,55.5,1,Flagged for Review
3.7,0,10.0,65.8,42.6,1,5.3,1.32,6.2,9.4,0,67.1,2,Rejected
79.5,1,146.0,0.0,0.0,1,243.2,2.04,0.3,42.2,0,0.0,0,Verified
33.4,1,17.0,64.3,73.6,0,5.9,3.66,18.0,0.0,0,64.3,1,Flagged for Review
91.7,1,166.0,6.0,12.5,1,470.7,7.4,1.3,71.4,0,8.7,0,Verified
92.3,1,181.0,18.6,12.0,1,196.6,2.14,5.4,46.1,0,4.6,0,Verified
41.0,0,0.0,76.0,11.7,0,15.4,16.62,2.7,0.1,0,79.5,2,Rejected
78.0,1,171.0,1.3,5.0,1,537.9,5.06,0.1,44.3,0,4.4,0,Verified
26.5,0,25.0,58.9,85.0,0,1.2,22.84,13.9,0.0,0,84.6,2,Rejected
94.5,1,120.0,6.0,17.8,1,336.1,8.82,6.1,75.3,0,4.3,0,Verified
37.3,0,4.0,40.3,66.0,0,9.2,0.18,33.6,8.5,0,75.2,2,Rejected
86.9,1,96.0,0.0,23.6,1,593.8,4.35,1.0,49.9,0,2.8,0,Verified
54.3,1,128.0,8.8,9.3,1,375.2,1.39,4.4,55.5,0,3.4,0,Verified
21.6,0,6.0,60.3,53.4,0,33.2,0.0,59.1,0.0,0,72.7,2,Rejected
72.5,0,0.0,84.8,78.0,0,12.3,1.0,34.9,13.9,1,100.0,2,Rejected
68.7,0,37.0,4.8,7.1,1,219.1,8.23,6.0,30.0,0,13.7,0,Verified
70.3,0,77.0,9.6,24.1,1,1113.9,5.44,2.4,79.1,0,31.2,0,Verified
92.7,1,146.0,15.1,7.6,1,369.0,5.76,1.0,72.8,0,7.5,0,Verified
60.4,1,181.0,15.5,8.7,1,774.9,3.28,0.1,61.8,0,11.9,0,Verified
52.1,1,11.0,80.9,44.1,0,11.1,1.58,45.2,0.0,1,88.9,2,Rejected
90.4,1,158.0,12.1,18.1,1,372.3,5.37,4.3,89.5,0,12.4,0,Verified
18.1,0,4.0,21.3,81.8,1,17.4,33.27,8.1,13.8,0,56.1,1,Flagged for Review
78.7,1,32.0,6.5,27.1,0,446.6,7.53,0.1,34.8,0,31.9,0,Verified
92.4,0,90.0,10.3,1.4,1,1.0,7.41,3.1,66.9,0,31.7,0,Verified
28.3,1,0.0,71.0,62.0,0,22.6,0.54,8.3,0.0,0,72.0,2,Rejected
26.9,1,3.0,97.0,52.9,0,16.9,37.09,7.4,0.0,0,78.3,2,Rejected
15.9,0,9.0,95.7,61.5,0,9.9,28.14,12.6,17.1,0,86.4,2,Rejected
43.5,0,5.0,55.2,96.6,1,71.8,0.0,25.6,8.8,1,64.0,1,Flagged for Review
80.3,1,148.0,16.7,23.6,1,358.5,5.59,0.3,46.3,0,7.7,0,Verified
88.4,1,97.0,11.8,8.4,1,927.2,0.0,7.3,76.6,0,0.0,0,Verified
75.0,1,24.0,20.0,2.0,1,296.1,4.98,1.2,41.6,0,7.7,0,Verified
79.4,1,88.0,10.0,7.8,0,917.2,8.52,4.0,67.7,0,28.2,0,Verified
33.4,0,23.0,16.9,70.6,0,18.7,0.7,84.5,16.0,0,76.5,2,Rejected
81.5,1,165.0,6.4,28.1,1,566.5,4.12,0.4,64.9,0,3.4,0,Verified
70.6,1,84.0,8.0,8.6,0,286.9,3.25,3.4,36.7,0,23.7,0,Verified
66.4,1,133.0,17.4,27.5,1,570.0,7.01,5.6,54.6,0,17.8,0,Verified
85.6,1,123.0,0.0,0.0,1,860.1,5.77,0.7,78.8,0,0.0,0,Verified
85.0,1,112.0,10.4,25.0,1,382.3,4.38,1.6,57.1,0,13.0,0,Verified
93.0,1,152.0,15.1,6.1,1,331.8,3.53,2.9,76.3,0,0.6,0,Verified
76.0,1,80.0,3.4,0.0,1,355.8,5.19,4.8,54.5,0,6.5,0,Verified
46.6,0,0.0,57.8,100.0,1,22.0,11.89,54.0,3.3,0,69.1,2,Rejected
41.5,1,8.0,55.6,84.0,0,25.5,16.05,22.2,7.4,0,56.6,1,Flagged for Review
38.9,0,14.0,54.2,76.7,1,27.6,11.56,14.3,0.0,1,81.7,2,Rejected
70.4,1,133.0,5.9,12.4,1,501.5,1.58,6.5,20.7,0,15.3,0,Verified
41.8,0,10.0,90.6,59.5,0,30.3,0.72,21.9,16.7,0,71.9,2,Rejected
87.1,1,120.0,16.8,14.3,1,530.2,8.37,2.6,38.1,0,9.5,0,Verified
82.1,1,105.0,2.7,2.5,1,698.2,5.41,16.3,33.6,0,0.0,0,Verified
61.4,0,16.0,76.5,33.0,0,19.0,19.17,69.0,27.4,0,70.2,2,Rejected
84.2,1,89.0,27.7,35.5,0,775.9,7.46,2.0,79.1,0,48.0,1,Flagged for Review
100.0,1,95.0,19.6,44.1,0,515.1,5.85,4.5,58.9,1,32.4,0,Verified
61.3,0,5.0,63.9,41.7,0,8.4,0.0,24.2,6.4,0,71.8,2,Rejected
32.6,0,9.0,73.0,88.6,1,2.0,18.34,9.5,12.0,0,72.8,2,Rejected
0.0,1,14.0,39.4,12.7,1,1.9,0.68,33.4,22.2,1,59.4,1,Flagged for Review
22.8,0,11.0,87.3,69.4,0,2.7,0.0,6.5,44.6,1,88.2,2,Rejected
98.7,0,65.0,0.0,3.2,1,654.4,8.49,0.7,53.7,0,6.8,0,Verified
64.4,1,107.0,21.6,5.4,0,505.8,7.36,1.0,63.9,0,27.0,0,Verified
92.2,1,39.0,18.3,37.8,1,561.4,9.01,2.6,73.0,0,6.6,0,Verified
90.3,1,127.0,14.8,33.7,1,705.7,7.78,1.7,61.2,0,8.8,0,Verified
80.0,0,60.0,23.6,21.0,1,291.1,4.75,0.6,71.2,0,12.3,0,Verified
45.9,0,0.0,71.6,60.8,1,26.0,32.04,3.0,31.7,1,67.0,2,Rejected
96.4,1,93.0,14.5,22.7,1,722.4,3.49,0.2,100.0,0,1.2,0,Verified
94.2,1,123.0,25.6,9.1,1,877.6,0.6,5.4,65.0,0,6.9,0,Verified
66.0,0,85.0,21.0,0.0,1,132.5,2.7,1.0,67.3,0,15.1,0,Verified
93.5,1,83.0,1.6,15.4,1,526.2,6.06,2.1,86.6,0,2.6,0,Verified
67.3,0,3.0,80.8,99.8,0,12.1,0.0,35.1,0.0,1,94.8,2,Rejected
28.6,0,1.0,48.6,73.1,0,17.6,0.57,0.5,24.0,0,79.1,2,Rejected
59.3,1,2.0,58.8,70.0,0,14.5,23.07,19.8,0.0,0,66.4,2,Rejected
79.9,1,99.0,14.8,6.0,1,440.1,0.57,13.6,79.6,0,7.0,0,Verified
98.7,1,184.0,0.0,11.6,1,717.7,5.46,1.1,57.8,0,1.1,0,Verified
80.8,1,99.0,8.8,11.0,0,330.0,5.95,2.4,86.7,0,26.3,0,Verified
43.1,0,1.0,41.7,66.4,0,15.0,0.0,3.7,23.8,0,68.8,2,Rejected
76.5,1,79.0,5.6,30.2,1,475.0,3.67,20.5,71.8,0,14.0,0,Verified
84.5,1,85.0,13.1,0.2,1,195.9,8.86,5.0,82.3,0,3.3,0,Verified
41.5,0,15.0,69.2,37.0,0,16.4,0.0,1.2,25.3,1,80.8,2,Rejected
11.4,0,0.0,45.1,7.8,0,0.1,0.0,54.0,0.0,1,88.7,2,Rejected
58.8,0,17.0,38.7,77.0,0,1.7,0.0,1.8,0.0,0,71.8,2,Rejected
100.0,1,73.0,23.8,29.5,1,727.4,8.64,4.2,48.4,0,8.7,0,Verified
39.0,0,5.0,58.4,57.4,0,1.3,0.0,0.1,0.0,1,88.1,2,Rejected
99.9,1,93.0,12.0,18.8,1,17.6,4.33,10.1,79.0,0,23.5,0,Verified
79.9,1,101.0,0.4,15.3,1,557.9,7.73,2.5,60.5,0,0.7,0,Verified
89.5,1,167.0,16.7,14.8,1,555.8,7.47,3.3,45.9,0,14.3,0,Verified
93.8,1,168.0,13.3,15.7,1,530.0,7.34,1.8,56.7,0,5.6,0,Verified
99.1,1,97.0,22.8,0.0,1,383.1,4.35,2.8,64.2,0,9.8,0,Verified
8.1,0,16.0,39.6,71.2,1,3.5,0.8,9.9,0.0,0,57.8,1,Flagged for Review
94.2,1,71.0,0.0,25.9,0,770.0,8.74,4.0,67.9,0,13.0,0,Verified
73.8,0,0.0,97.1,60.2,1,41.1,17.09,65.3,5.7,1,55.5,1,Flagged for Review
15.0,0,0.0,46.4,56.4,0,0.8,0.0,35.5,0.0,0,95.5,2,Rejected
21.4,0,0.0,52.8,35.1,1,2.1,0.0,32.2,14.4,1,69.0,2,Rejected
95.1,0,73.0,14.4,5.1,1,226.9,10.11,8.0,79.8,0,21.0,0,Verified
78.9,1,75.0,11.1,36.6,1,173.2,10.29,3.0,54.2,0,3.1,0,Verified
42.0,0,10.0,76.4,50.8,0,23.5,18.42,21.4,8.3,0,82.7,2,Rejected
44.8,1,10.0,66.5,67.0,0,19.1,23.51,12.1,0.0,1,88.7,2,Rejected
69.2,1,155.0,1.3,0.0,1,182.8,2.43,1.3,92.7,0,21.9,0,Verified
57.2,0,0.0,34.0,69.8,1,3.7,12.92,47.8,6.0,1,66.8,2,Rejected
43.2,1,12.0,94.8,75.1,1,1.7,0.85,0.6,1.9,0,54.5,1,Flagged for Review
86.3,0,50.0,6.3,24.8,1,745.6,3.68,8.4,55.8,0,19.1,0,Verified
74.7,1,109.0,6.8,0.0,1,197.8,6.75,1.7,54.5,0,0.0,0,Verified
73.0,0,0.0,32.9,32.1,0,13.1,0.0,27.4,21.6,1,74.9,2,Rejected
87.9,0,108.0,19.2,12.2,1,458.7,0.47,6.7,74.9,0,17.2,0,Verified
82.6,1,176.0,8.7,15.3,1,902.6,8.93,3.7,64.6,0,2.1,0,Verified
57.1,0,11.0,68.5,100.0,1,18.1,0.0,22.1,6.7,0,68.1,2,Rejected
63.6,1,74.0,25.4,0.0,1,1256.0,2.6,0.3,50.5,0,11.2,0,Verified
85.9,0,78.0,18.5,21.7,1,506.3,1.9,12.3,54.1,0,23.6,0,Verified
52.1,1,137.0,15.3,5.2,1,481.2,3.35,0.1,37.0,0,20.9,0,Verified
96.2,1,168.0,13.3,25.2,1,1.0,2.76,1.0,90.7,1,31.0,0,Verified
79.8,1,123.0,18.7,16.0,1,531.3,2.82,2.4,51.6,0,6.7,0,Verified
41.6,0,0.0,66.6,9.2,0,36.2,19.13,13.6,17.9,0,53.4,1,Flagged for Review
100.0,1,137.0,19.8,4.9,0,314.1,5.32,0.8,65.9,0,27.8,0,Verified
49.2,0,14.0,36.5,5.9,0,3.7,0.0,18.8,29.4,1,68.9,2,Rejected
26.3,1,4.0,35.6,49.2,0,22.7,21.38,17.9,0.0,0,67.6,2,Rejected
45.3,1,5.0,17.7,29.1,0,0.7,27.58,26.0,2.3,0,63.1,1,Flagged for Review
100.0,1,154.0,10.9,0.0,1,963.3,3.76,2.1,49.5,0,0.0,0,Verified
59.1,1,50.0,8.9,20.3,1,323.6,2.0,1.0,80.8,0,8.1,0,Verified
47.3,0,0.0,78.9,59.4,1,21.6,17.76,16.8,0.0,1,83.7,2,Rejected
73.3,1,72.0,11.7,0.0,1,315.0,6.12,0.1,68.2,0,10.6,0,Verified
56.7,0,4.0,19.3,42.0,0,5.9,0.03,3.7,21.3,1,77.3,2,Rejected
89.0,1,88.0,18.9,7.0,0,466.0,5.15,3.8,34.7,0,24.1,0,Verified
51.2,0,3.0,65.4,54.0,0,90.0,0.0,75.0,0.0,1,72.9,2,Rejected
65.2,1,149.0,16.0,0.0,1,1.0,4.04,1.9,41.6,0,16.1,0,Verified
49.6,1,159.0,22.7,0.0,1,483.3,0.28,5.5,72.9,0,6.0,0,Verified
94.0,1,72.0,8.5,19.7,1,339.5,7.18,1.4,20.0,0,9.0,0,Verified
28.0,0,6.0,62.2,54.2,0,13.7,22.02,65.2,4.2,0,83.1,2,Rejected
34.6,0,7.0,64.4,48.1,0,15.4,3.98,9.6,0.0,0,76.3,2,Rejected
28.9,0,5.0,49.2,75.8,1,25.4,9.01,2.4,3.4,0,59.3,1,Flagged for Review
93.1,1,114.0,3.1,11.4,1,642.8,2.51,6.4,40.7,0,6.2,0,Verified
80.3,1,131.0,0.0,16.1,1,792.0,6.1,2.5,40.6,0,3.5,0,Verified
13.9,0,0.0,35.4,62.6,0,8.7,0.05,24.1,20.2,1,82.9,2,Rejected
79.8,1,134.0,0.0,38.0,1,574.0,4.56,5.1,81.4,0,20.6,0,Verified
76.8,1,95.0,2.5,5.5,1,123.0,7.71,1.6,74.3,0,1.5,0,Verified
63.1,1,122.0,15.9,9.3,1,899.3,1.93,3.0,48.5,0,14.1,0,Verified
72.0,0,42.0,17.2,27.8,1,178.8,1.2,0.4,40.1,0,24.2,0,Verified
31.6,0,12.0,58.3,82.8,0,19.9,0.0,1.3,0.0,0,75.2,2,Rejected
36.4,0,0.0,37.0,64.2,0,12.9,23.16,3.8,22.0,0,64.5,1,Flagged for Review
84.4,1,93.0,1.3,8.6,1,616.7,6.59,1.0,38.8,0,8.8,0,Verified
68.1,1,68.0,4.5,8.7,1,568.8,7.88,0.4,54.3,0,6.2,0,Verified
79.5,1,86.0,12.7,16.4,1,315.9,3.68,1.3,55.0,0,0.0,0,Verified
54.5,0,0.0,91.6,54.9,1,19.6,4.36,91.3,7.0,0,65.7,2,Rejected
45.0,0,10.0,72.2,54.5,1,20.9,3.35,1.1,0.0,1,72.4,2,Rejected
100.0,1,106.0,0.0,2.8,1,409.8,1.76,1.1,42.5,0,3.0,0,Verified
61.4,1,33.0,21.3,4.7,0,377.9,8.78,4.7,45.8,0,46.9,1,Flagged for Review
73.8,1,72.0,15.1,0.0,1,234.5,8.27,2.2,80.8,0,9.2,0,Verified
86.6,1,125.0,17.9,0.0,1,483.6,1.79,3.0,64.3,0,9.3,0,Verified
99.5,1,86.0,22.9,15.6,1,471.5,5.5,1.0,64.6,0,5.5,0,Verified
0.0,1,16.0,62.8,100.0,0,5.8,0.0,13.6,0.0,0,75.8,2,Rejected
45.2,0,0.0,65.3,30.1,0,5.9,0.42,3.8,10.2,1,96.9,2,Rejected
54.4,1,125.0,0.0,0.0,1,878.5,1.47,5.9,80.6,0,3.2,0,Verified
83.4,1,45.0,41.4,9.1,1,265.3,14.01,0.5,65.6,0,10.8,0,Verified
54.1,0,11.0,100.0,49.9,1,23.5,0.0,34.5,1.4,1,90.1,2,Rejected
67.2,0,6.0,56.4,60.4,0,51.9,0.27,46.2,11.6,1,76.2,2,Rejected
81.7,1,109.0,0.0,7.0,1,496.6,8.47,0.7,40.2,0,11.1,0,Verified
67.8,1,29.0,63.9,43.1,0,2.7,13.4,12.3,9.4,0,66.4,2,Rejected
49.8,0,2.0,56.8,58.1,0,17.2,19.1,30.9,10.4,1,89.3,2,Rejected
70.6,1,64.0,9.4,0.0,1,40.5,3.74,2.4,30.5,0,8.3,0,Verified
93.5,1,97.0,0.0,0.4,0,445.4,2.79,1.2,17.3,0,24.7,0,Verified
85.2,1,183.0,8.6,12.1,1,531.7,5.68,4.1,93.7,0,11.2,0,Verified
18.1,1,13.0,70.1,69.9,1,26.5,20.84,15.3,23.1,0,56.3,1,Flagged for Review
68.3,1,186.0,9.6,0.0,1,542.1,3.73,1.4,42.6,0,7.0,0,Verified
31.5,0,7.0,10.4,78.9,1,12.3,1.69,25.8,0.0,1,77.2,2,Rejected
37.5,1,0.0,70.9,61.2,0,18.7,24.92,28.2,27.2,0,65.7,2,Rejected
74.3,1,61.0,7.2,0.0,1,102.5,3.01,2.8,64.6,0,10.8,0,Verified
96.0,1,75.0,15.3,0.0,1,83.1,4.38,0.7,87.8,0,21.4,0,Verified
75.0,1,87.0,16.0,6.7,1,908.3,7.25,1.2,93.0,0,22.8,0,Verified
71.1,1,63.0,0.0,6.1,1,494.8,5.62,8.0,46.9,0,4.2,0,Verified
71.4,1,101.0,10.9,1.5,1,268.4,2.38,10.9,54.8,0,8.5,0,Verified
20.2,1,4.0,47.6,62.6,1,8.7,0.0,43.5,7.5,0,44.6,1,Flagged for Review
88.6,1,193.0,0.0,12.2,1,197.4,6.09,3.1,54.7,0,8.3,0,Verified
22.8,0,8.0,80.9,29.5,0,22.2,0.0,5.0,13.2,0,84.5,2,Rejected
34.3,0,0.0,61.8,86.5,0,6.3,0.97,10.1,30.6,0,72.5,2,Rejected
52.9,1,121.0,21.0,7.4,1,412.2,3.6,4.7,66.7,0,19.5,0,Verified
80.8,1,62.0,4.9,14.0,1,43.7,3.26,2.1,51.5,0,4.4,0,Verified
79.9,1,141.0,12.1,22.5,1,1020.7,3.39,5.7,79.6,0,5.7,0,Verified
77.4,1,92.0,10.0,22.1,1,123.6,6.01,3.0,78.7,0,11.1,0,Verified
67.4,1,0.0,2.5,27.5,1,266.4,6.49,3.0,47.7,0,6.7,0,Verified
65.6,1,140.0,9.3,22.1,1,760.6,7.63,0.1,53.0,0,10.1,0,Verified
88.5,1,60.0,7.2,14.9,1,527.9,4.77,4.2,71.1,0,15.9,0,Verified
74.3,1,63.0,11.1,6.8,1,297.8,1.49,11.4,72.7,0,3.4,0,Verified
28.8,0,6.0,44.7,37.8,0,22.4,14.06,36.6,0.0,1,94.3,2,Rejected
69.6,1,94.0,0.0,1.5,1,168.7,5.4,0.5,71.0,0,1.3,0,Verified
41.4,0,0.0,38.3,78.7,0,1.2,0.15,38.9,5.6,0,72.4,2,Rejected
61.8,1,6.0,78.6,61.9,1,5.5,21.12,30.0,0.0,1,65.2,2,Rejected
90.2,1,81.0,10.8,3.3,1,469.7,4.51,1.6,72.1,0,20.2,0,Verified
37.3,0,10.0,42.5,47.4,0,14.4,21.71,0.2,31.8,0,71.7,2,Rejected
85.6,1,76.0,17.5,3.9,1,409.8,6.2,0.4,59.0,0,9.0,0,Verified
78.6,1,210.0,8.4,14.5,1,146.8,3.93,0.7,69.7,0,3.9,0,Verified
82.1,1,79.0,28.7,5.4,0,496.2,3.7,2.4,55.2,0,26.9,0,Verified
77.4,1,156.0,10.0,3.1,1,752.9,1.16,2.4,54.1,0,0.0,0,Verified
28.6,0,0.0,100.0,53.1,1,10.9,0.72,15.2,0.0,0,79.4,2,Rejected
85.0,1,124.0,2.5,18.0,1,372.6,4.35,2.6,58.1,1,22.1,0,Verified
68.1,1,80.0,15.0,10.8,1,441.6,5.22,2.1,89.0,0,10.5,0,Verified
67.8,1,103.0,12.8,6.9,1,710.7,3.16,4.9,38.8,0,9.6,0,Verified
62.6,1,13.0,9.4,15.1,1,187.4,0.87,8.1,66.1,0,22.3,0,Verified
59.6,1,120.0,5.0,7.0,1,797.2,3.67,0.9,60.8,0,9.9,0,Verified
20.8,1,19.0,82.6,11.3,1,1.2,15.6,9.6,6.6,1,63.9,1,Flagged for Review
84.2,0,116.0,12.8,0.3,1,427.5,5.73,1.7,84.9,0,25.8,0,Verified
69.5,1,0.0,16.3,9.8,1,735.4,4.11,0.1,38.4,0,8.5,0,Verified
3.3,0,6.0,82.9,64.9,1,13.0,0.74,14.5,16.1,0,60.7,1,Flagged for Review
40.3,0,11.0,43.2,17.3,1,10.2,19.58,10.6,0.0,1,56.0,1,Flagged for Review
54.4,1,123.0,9.6,0.0,1,531.9,5.12,2.4,46.3,0,7.6,0,Verified
91.2,1,123.0,11.0,21.0,1,176.8,3.01,0.4,47.8,0,8.4,0,Verified
93.4,1,102.0,8.0,21.2,1,539.8,8.3,2.4,61.2,0,10.7,0,Verified
68.1,1,139.0,10.2,21.4,1,493.7,5.38,0.1,39.7,0,4.5,0,Verified
37.9,0,12.0,44.9,77.7,0,2.8,25.55,49.5,14.8,0,78.6,2,Rejected
70.0,1,137.0,13.1,1.4,1,644.3,4.38,9.3,40.8,0,2.5,0,Verified
83.4,1,131.0,16.5,2.4,1,271.3,5.5,1.1,63.9,0,12.8,0,Verified
29.6,0,3.0,58.3,33.8,0,4.7,0.69,16.7,10.2,1,100.0,2,Rejected
56.9,1,102.0,7.4,29.2,1,385.8,2.05,1.8,50.7,0,24.1,0,Verified
76.6,1,192.0,22.9,13.5,1,260.2,5.04,2.9,39.8,0,12.2,0,Verified
80.3,1,132.0,7.1,5.8,1,550.8,6.43,0.6,26.1,0,16.4,0,Verified
76.4,1,66.0,20.6,28.4,1,366.0,0.14,4.9,84.4,0,7.8,0,Verified
65.4,1,121.0,6.7,3.7,1,37.0,3.75,0.7,49.8,0,8.4,0,Verified
76.4,1,144.0,0.4,14.7,1,1.0,9.61,0.0,100.0,0,11.5,0,Verified
36.5,0,7.0,39.0,53.3,1,3.6,0.0,74.0,12.2,1,73.8,2,Rejected
81.4,1,159.0,0.0,2.0,1,102.6,8.84,0.4,87.9,0,4.8,0,Verified
84.6,1,127.0,15.4,22.0,1,492.6,3.41,3.6,72.9,0,0.0,0,Verified
72.6,1,5.0,0.0,18.2,0,434.3,3.86,0.5,57.9,0,33.5,0,Verified
98.4,1,123.0,6.8,11.5,1,324.2,7.42,5.1,44.2,0,8.5,0,Verified
65.5,1,92.0,0.0,0.1,1,928.7,6.56,1.9,37.4,0,1.9,0,Verified
88.8,1,134.0,38.2,3.3,1,466.7,4.76,2.5,75.2,0,11.5,0,Verified
98.5,1,152.0,0.0,15.5,1,616.5,1.84,0.6,59.8,0,0.0,0,Verified
88.7,1,119.0,10.1,0.0,1,494.1,7.89,0.5,66.1,0,0.0,0,Verified
79.2,1,185.0,21.4,13.6,1,359.8,11.28,3.0,69.7,0,19.5,0,Verified
74.6,1,102.0,20.4,18.5,1,415.0,1.07,0.9,61.4,0,3.7,0,Verified
96.5,1,138.0,18.5,23.8,1,799.2,8.51,1.5,46.5,0,7.9,0,Verified
40.7,1,3.0,71.1,26.4,0,73.6,8.05,16.3,26.8,1,53.7,1,Flagged for Review
68.4,1,106.0,23.5,27.8,1,927.5,4.17,0.8,51.4,0,15.6,0,Verified
42.2,0,19.0,50.2,83.0,1,21.3,0.48,4.5,24.7,0,56.5,1,Flagged for Review
99.3,1,83.0,12.1,16.9,1,192.0,1.99,8.4,67.9,0,9.4,0,Verified
37.2,0,0.0,15.9,62.3,0,10.3,18.04,1.6,12.6,0,74.8,2,Rejected
68.4,1,51.0,7.0,8.1,1,111.2,0.97,7.5,22.3,0,15.9,0,Verified
77.7,1,121.0,0.9,11.4,1,619.4,6.19,6.4,73.7,0,1.9,0,Verified
32.4,0,22.0,60.4,78.2,1,2.6,0.0,39.8,0.0,1,72.6,2,Rejected
72.1,1,163.0,23.1,12.3,1,1.0,3.4,0.6,22.0,0,19.1,0,Verified
24.0,0,0.0,92.9,71.5,1,8.1,21.23,6.2,9.2,0,62.6,1,Flagged for Review
36.9,1,18.0,37.4,61.5,0,1.6,14.43,2.5,4.7,0,66.6,2,Rejected
100.0,1,57.0,8.6,15.2,1,270.1,7.47,1.3,59.2,0,3.2,0,Verified
93.6,0,129.0,9.7,6.5,1,854.6,6.01,1.1,55.1,0,16.7,0,Verified
60.3,0,14.0,29.8,84.9,0,5.4,0.24,4.3,5.3,1,80.0,2,Rejected
75.5,1,144.0,19.5,5.1,0,715.5,3.73,3.5,36.4,0,28.3,0,Verified
79.9,1,159.0,2.5,35.0,1,267.3,6.08,0.3,51.5,0,16.1,0,Verified
43.5,0,0.0,44.3,19.4,0,0.5,0.0,1.8,23.9,0,65.7,2,Rejected
74.7,1,89.0,22.4,18.7,1,863.5,6.67,7.8,54.7,0,0.0,0,Verified
70.5,0,20.0,55.0,60.4,0,20.4,18.24,8.0,15.3,1,89.4,2,Rejected
11.1,0,12.0,75.0,40.8,1,21.5,13.49,26.4,18.0,0,60.1,1,Flagged for Review
66.5,0,106.0,5.1,14.2,1,515.6,6.86,0.3,44.6,0,18.3,0,Verified
76.9,1,119.0,6.7,0.0,1,575.8,1.16,2.0,60.5,0,2.5,0,Verified
79.9,1,104.0,25.5,8.9,1,99.6,7.72,9.4,73.1,0,19.9,0,Verified
62.5,1,104.0,19.2,8.0,1,449.0,4.69,5.1,38.2,0,11.2,0,Verified
90.3,1,75.0,21.5,0.0,1,178.5,8.63,2.5,58.2,0,7.7,0,Verified
71.9,1,152.0,18.2,0.0,1,58.9,2.74,0.5,88.7,0,7.6,0,Verified
40.2,1,0.0,35.8,80.3,1,0.2,23.46,16.8,31.6,0,43.0,1,Flagged for Review
75.7,1,102.0,3.1,15.9,1,721.1,4.93,5.0,74.2,0,5.3,0,Verified
51.2,0,0.0,83.5,65.7,0,18.7,29.76,135.5,15.8,0,88.5,2,Rejected
81.9,1,50.0,0.1,3.0,1,364.9,6.68,2.8,87.4,0,0.8,0,Verified
0.0,0,16.0,56.9,58.4,1,42.3,30.3,15.2,19.9,0,61.4,1,Flagged for Review
61.1,0,10.0,58.8,74.2,1,21.8,5.81,13.6,13.0,0,61.7,1,Flagged for Review
71.8,1,37.0,11.3,14.0,1,617.6,4.22,8.6,28.4,0,7.7,0,Verified
86.5,1,144.0,23.1,9.7,1,625.8,6.29,3.0,42.4,1,28.2,0,Verified
100.0,1,152.0,0.0,18.1,1,561.7,6.16,0.9,42.3,0,5.7,0,Verified
84.0,1,116.0,15.0,1.7,1,259.2,8.93,3.0,50.2,0,10.6,0,Verified
26.8,0,16.0,83.2,61.6,0,16.6,12.62,35.0,9.6,0,87.4,2,Rejected
12.9,0,3.0,78.1,49.5,0,25.0,20.9,36.0,10.5,1,99.7,2,Rejected
30.7,0,21.0,61.3,52.1,1,23.2,2.45,6.5,0.5,0,61.3,1,Flagged for Review
66.6,1,126.0,7.9,12.9,1,375.3,5.49,4.0,27.4,0,5.5,0,Verified
61.3,1,121.0,15.5,16.1,1,309.2,5.71,3.2,43.6,0,17.2,0,Verified
71.6,1,83.0,0.4,38.3,1,723.5,6.92,0.2,100.0,0,18.9,0,Verified
62.9,0,5.0,50.5,63.7,0,25.6,1.31,4.2,0.0,0,78.7,2,Rejected
95.3,1,35.0,15.6,4.3,1,613.9,4.94,1.6,22.3,0,13.0,0,Verified
85.4,1,155.0,27.4,0.0,1,384.4,7.94,8.5,29.8,0,14.4,0,Verified
60.5,1,70.0,0.0,19.1,1,147.6,6.38,10.6,59.1,0,7.2,0,Verified
79.3,1,66.0,22.2,14.2,1,839.2,3.36,1.8,56.8,0,14.7,0,Verified
86.2,1,105.0,10.4,24.7,1,451.2,4.42,10.4,44.4,0,0.2,0,Verified
67.3,0,24.0,49.4,41.9,0,0.8,0.17,6.9,10.3,0,72.2,2,Rejected
56.2,1,117.0,0.0,12.7,1,58.4,3.23,3.4,100.0,0,1.4,0,Verified
69.5,1,77.0,10.2,25.5,1,84.6,7.22,0.2,50.2,0,9.8,0,Verified
34.5,0,11.0,44.1,49.0,0,23.4,23.74,29.5,22.9,1,74.4,2,Rejected
40.6,0,12.0,52.3,58.8,0,6.9,37.39,17.0,19.0,0,84.8,2,Rejected
18.8,0,13.0,96.8,48.8,0,1.0,0.1,9.2,3.0,1,100.0,2,Rejected
43.5,1,0.0,42.5,54.9,1,15.2,0.0,3.9,23.4,0,42.6,1,Flagged for Review
84.0,1,110.0,11.9,13.2,1,386.0,5.18,1.2,89.9,0,6.3,0,Verified
93.9,1,149.0,9.9,9.3,1,112.9,4.79,1.8,53.8,0,0.0,0,Verified
91.7,1,175.0,5.0,17.2,1,297.0,4.66,6.1,62.6,0,1.9,0,Verified
35.1,0,7.0,70.6,41.7,0,2.0,1.83,4.4,0.0,0,76.9,2,Rejected
70.8,1,102.0,20.4,32.7,1,197.4,8.41,1.0,52.5,0,13.3,0,Verified
55.3,1,208.0,13.9,18.9,1,189.7,3.47,4.6,60.0,0,21.4,0,Verified
33.2,1,13.0,67.6,42.1,0,3.8,32.76,6.3,6.5,0,79.9,2,Rejected
96.0,1,35.0,19.3,10.2,1,813.3,8.21,0.3,19.5,0,12.6,0,Verified
100.0,1,127.0,0.4,11.1,1,474.9,3.58,4.9,51.2,0,0.0,0,Verified
91.9,1,110.0,7.8,18.2,1,241.6,5.54,3.1,39.2,0,1.0,0,Verified
88.0,0,147.0,8.0,16.7,1,477.7,3.52,0.8,64.9,0,18.8,0,Verified
29.1,1,0.0,61.6,97.7,1,5.8,0.2,4.0,2.3,1,72.0,2,Rejected
74.2,1,72.0,5.8,6.5,1,1.0,5.5,3.9,55.2,0,8.6,0,Verified
80.2,1,80.0,0.0,16.6,1,1188.7,7.79,0.5,81.7,0,2.4,0,Verified
100.0,1,84.0,29.1,40.3,1,469.3,4.84,2.1,54.9,0,19.7,0,Verified
68.8,1,147.0,0.6,5.0,1,266.9,1.3,4.3,28.8,0,7.3,0,Verified
100.0,1,57.0,25.9,13.7,1,1.0,5.27,0.6,51.0,0,19.5,0,Verified
44.0,0,8.0,100.0,67.5,1,3.1,13.8,25.7,11.7,0,66.2,2,Rejected
3.6,0,13.0,71.3,43.7,0,11.1,11.03,27.7,23.1,0,74.5,2,Rejected
62.3,1,155.0,5.1,2.6,1,810.5,4.8,1.1,53.3,0,10.3,0,Verified
11.1,1,13.0,63.3,25.9,0,13.9,34.47,19.5,0.0,0,70.7,2,Rejected
71.7,1,95.0,16.5,13.8,1,130.1,7.94,2.1,100.0,0,14.2,0,Verified
62.2,1,97.0,16.6,0.8,1,812.6,9.39,0.5,76.7,0,12.4,0,Verified
85.1,1,130.0,17.7,22.1,1,536.9,6.63,1.4,57.4,0,9.2,0,Verified
96.1,1,176.0,6.3,14.2,1,590.3,7.33,1.0,64.4,0,6.3,0,Verified
70.2,1,128.0,5.2,23.4,1,536.0,1.79,4.1,20.8,0,5.5,0,Verified
61.0,1,79.0,0.0,0.0,1,28.2,9.05,3.6,36.1,0,17.6,0,Verified
80.7,1,37.0,15.2,16.4,1,108.5,8.17,0.3,66.7,0,16.4,0,Verified
80.8,1,60.0,20.8,21.3,1,287.3,4.08,9.2,57.9,0,10.3,0,Verified
89.7,1,113.0,26.2,6.9,1,587.3,6.7,4.1,60.2,0,6.5,0,Verified
95.3,1,81.0,13.1,0.0,1,61.1,6.45,2.9,55.6,0,4.6,0,Verified
81.2,1,119.0,2.3,11.5,1,374.4,8.68,1.9,54.9,0,0.0,0,Verified
0.0,1,4.0,70.0,71.1,0,1.3,19.51,32.9,32.3,1,88.0,2,Rejected
50.0,0,0.0,99.1,72.5,0,5.2,2.01,95.5,23.6,0,90.4,2,Rejected
13.5,0,0.0,82.4,48.5,0,64.7,3.52,5.4,14.3,1,84.9,2,Rejected
39.8,0,0.0,72.7,68.5,0,0.3,1.16,17.5,9.6,1,100.0,2,Rejected
76.5,0,7.0,82.6,79.4,0,16.8,0.17,35.0,19.0,1,96.8,2,Rejected
77.3,1,188.0,9.3,6.4,1,117.6,0.0,7.0,76.5,0,5.9,0,Verified
0.0,1,6.0,51.8,43.7,1,15.6,23.25,1.4,19.0,0,51.5,1,Flagged for Review
29.3,0,12.0,47.0,84.5,1,3.7,21.72,3.0,2.2,0,67.0,2,Rejected
65.5,0,170.0,0.0,3.0,1,462.6,5.05,4.1,57.1,0,9.0,0,Verified
74.2,0,3.0,53.6,68.8,0,8.4,10.57,8.4,0.0,0,79.0,2,Rejected
91.4,1,120.0,0.0,13.7,1,471.4,0.73,0.2,36.8,0,3.8,0,Verified
44.9,0,32.0,52.5,14.5,0,1.2,27.97,10.4,2.4,0,60.4,1,Flagged for Review
25.7,0,6.0,45.9,79.8,0,1.4,15.22,5.6,35.7,0,76.6,2,Rejected
92.7,1,182.0,0.0,0.0,1,623.7,3.54,0.0,65.4,0,1.8,0,Verified
82.8,1,132.0,1.9,0.0,1,540.8,7.25,2.9,57.2,0,0.0,0,Verified
87.4,1,125.0,4.3,6.2,1,91.2,2.61,4.8,66.7,0,4.6,0,Verified
99.5,1,107.0,21.9,18.9,1,490.1,3.7,9.4,27.6,0,0.0,0,Verified
63.3,1,117.0,12.0,0.0,1,273.4,6.76,1.7,70.6,0,3.8,0,Verified
56.7,1,23.0,86.7,58.3,0,8.0,2.26,35.0,0.0,0,72.8,2,Rejected
37.0,0,10.0,74.7,0.0,0,3.4,0.0,20.8,0.0,0,64.3,1,Flagged for Review
87.3,1,51.0,9.0,28.3,1,467.6,3.39,5.6,64.0,0,1.0,0,Verified
99.2,1,118.0,17.5,1.4,1,484.9,2.93,2.9,21.3,0,0.0,0,Verified
73.6,1,135.0,16.8,18.0,1,694.6,5.89,1.0,68.3,0,10.5,0,Verified
48.5,1,101.0,0.0,13.0,1,759.9,6.21,7.2,72.9,0,12.3,0,Verified
76.2,1,127.0,24.7,21.8,1,507.4,5.57,0.6,77.6,0,6.4,0,Verified
94.8,1,65.0,0.0,9.2,1,554.4,3.46,0.1,41.2,0,0.0,0,Verified
42.5,1,17.0,64.2,13.8,0,17.1,8.16,11.8,6.1,1,79.4,2,Rejected
88.0,1,121.0,0.0,25.2,1,619.5,8.99,2.5,67.5,0,6.2,0,Verified
78.1,1,141.0,16.0,4.2,1,546.6,1.45,0.8,68.3,0,2.9,0,Verified
64.1,1,26.0,28.6,14.9,0,405.8,9.71,3.3,62.4,0,44.3,1,Flagged for Review
89.2,1,133.0,7.9,0.0,1,979.5,5.25,4.4,47.3,0,4.3,0,Verified
70.3,1,86.0,7.4,20.4,1,278.0,4.55,5.6,72.8,0,8.0,0,Verified
16.9,0,26.0,51.1,78.7,1,5.6,0.0,11.0,31.5,1,69.2,2,Rejected
90.0,1,50.0,6.7,0.0,1,67.9,0.0,0.1,52.2,0,8.9,0,Verified
73.9,0,72.0,28.2,10.9,1,631.5,8.45,2.1,40.9,0,24.5,0,Verified
73.4,1,153.0,11.9,22.6,1,793.5,9.64,5.8,41.9,0,0.0,0,Verified
0.0,0,21.0,79.4,48.7,0,4.2,0.23,42.0,33.1,0,76.0,2,Rejected
78.6,1,93.0,4.6,14.0,1,456.1,0.0,1.6,72.1,0,3.5,0,Verified
97.6,1,105.0,0.7,7.3,1,606.0,6.91,0.9,54.6,0,1.5,0,Verified
39.5,0,19.0,49.9,41.7,1,10.9,12.52,5.1,5.9,1,74.1,2,Rejected
71.8,1,130.0,6.5,11.0,0,518.3,8.86,6.9,23.2,0,20.8,0,Verified
40.7,0,17.0,60.8,68.6,0,6.9,1.39,17.5,9.7,0,80.9,2,Rejected
45.4,0,7.0,28.9,65.0,1,23.1,0.82,14.1,0.8,1,78.9,2,Rejected
92.8,1,154.0,31.0,11.2,1,1035.7,9.49,1.3,57.9,0,9.1,0,Verified
73.5,1,129.0,0.0,30.8,1,289.1,5.07,1.0,76.3,0,4.4,0,Verified
87.1,1,112.0,11.5,7.0,1,532.9,1.37,8.5,37.4,0,0.0,0,Verified
86.4,1,140.0,15.9,0.0,1,251.8,7.07,3.2,59.3,0,2.3,0,Verified
55.5,1,124.0,16.3,10.2,1,1.0,7.63,3.5,73.0,0,17.0,0,Verified
31.1,0,15.0,69.0,7.1,0,41.2,17.43,54.1,11.0,0,60.8,1,Flagged for Review
57.7,0,9.0,12.6,63.7,0,15.4,0.07,35.6,26.5,1,78.7,2,Rejected
76.4,1,64.0,14.5,13.7,1,703.8,7.45,2.5,55.2,0,8.7,0,Verified
66.6,1,61.0,12.7,3.5,1,262.2,3.08,0.9,72.2,0,5.2,0,Verified
86.9,1,78.0,7.4,4.5,1,286.3,5.99,5.4,59.7,0,0.0,0,Verified
83.2,0,154.0,0.0,13.8,1,143.3,8.9,2.7,54.9,0,19.6,0,Verified
34.6,0,23.0,61.5,45.3,0,2.6,0.0,22.9,23.8,0,68.8,2,Rejected
84.7,0,128.0,0.0,0.0,1,233.7,7.27,6.9,64.3,0,12.9,0,Verified
57.5,0,11.0,70.8,55.3,1,20.5,12.9,24.1,9.5,1,68.4,2,Rejected
100.0,1,162.0,10.3,0.0,1,498.5,4.55,2.0,66.4,0,0.0,0,Verified
90.0,1,118.0,13.6,0.3,1,271.3,6.29,0.1,72.1,0,0.8,0,Verified
67.3,1,50.0,27.8,0.0,0,641.1,3.07,7.2,32.7,0,22.5,0,Verified
100.0,1,67.0,4.6,6.2,0,422.1,2.06,9.1,14.2,0,24.4,0,Verified
7.4,0,21.0,44.9,50.0,0,15.5,31.45,29.0,11.2,0,80.3,2,Rejected
22.5,0,1.0,74.2,64.3,1,28.4,17.17,2.3,34.3,1,74.9,2,Rejected
66.3,1,102.0,23.0,40.7,1,401.5,4.07,1.3,73.2,0,11.7,0,Verified
85.4,0,58.0,15.8,25.0,1,503.6,6.42,0.9,39.0,0,11.9,0,Verified
45.3,1,6.0,83.8,100.0,1,3.3,0.0,48.7,9.3,1,72.8,2,Rejected
49.5,0,11.0,59.7,40.6,1,57.0,1.25,0.7,41.8,1,55.3,1,Flagged for Review
74.3,1,171.0,13.1,44.5,1,1012.3,6.63,7.5,58.2,0,7.5,0,Verified
22.2,0,3.0,50.0,37.6,1,2.7,29.57,40.3,12.5,0,57.4,1,Flagged for Review
71.2,1,150.0,0.2,19.1,1,25.0,4.41,4.1,92.8,0,15.3,0,Verified
58.4,1,79.0,0.0,12.9,1,200.2,5.75,1.1,20.9,0,14.9,0,Verified
50.1,0,2.0,80.0,43.8,0,8.8,32.67,3.1,17.5,1,92.0,2,Rejected
58.8,0,2.0,50.4,56.9,0,62.3,0.0,18.7,20.3,0,58.8,1,Flagged for Review
92.5,1,151.0,5.9,13.9,1,424.7,8.23,4.3,45.1,0,10.5,0,Verified
53.1,1,107.0,15.9,12.9,1,459.0,6.9,3.9,24.4,0,21.4,0,Verified
82.4,1,92.0,9.0,1.2,1,117.2,4.07,0.8,96.4,0,0.0,0,Verified
52.9,1,55.0,0.0,5.5,1,763.6,5.15,1.2,48.6,0,0.0,0,Verified
77.5,1,0.0,17.3,30.2,1,163.2,8.92,6.1,51.2,0,18.4,0,Verified
100.0,1,63.0,0.0,10.5,1,639.6,8.2,3.9,54.2,0,7.6,0,Verified
87.0,1,160.0,10.2,36.9,0,771.5,9.98,3.7,34.6,0,25.8,0,Verified
69.9,1,92.0,6.6,0.0,1,432.5,3.05,0.9,74.0,0,0.0,0,Verified
32.1,0,15.0,99.7,43.8,0,21.5,1.04,5.5,0.0,0,87.2,2,Rejected
82.3,1,139.0,0.0,0.0,1,900.4,5.34,1.3,71.5,1,8.6,0,Verified
88.6,1,191.0,13.9,0.0,1,489.7,6.02,1.5,33.1,0,0.0,0,Verified
62.9,1,170.0,1.6,2.1,1,374.4,4.64,1.0,75.4,0,7.3,0,Verified
90.3,1,66.0,4.9,15.8,1,402.6,4.03,0.4,73.4,0,6.7,0,Verified
35.0,1,16.0,65.7,59.4,0,25.8,0.8,74.4,11.9,1,96.3,2,Rejected
73.2,1,216.0,30.9,3.8,1,220.9,4.77,0.1,71.1,0,8.5,0,Verified
48.2,0,19.0,43.9,43.0,0,16.3,0.47,7.3,9.2,0,67.1,2,Rejected
90.9,1,118.0,2.3,29.7,1,377.4,2.25,3.9,26.3,0,11.8,0,Verified
2.8,1,0.0,75.0,32.3,0,0.4,2.49,21.1,15.3,0,76.7,2,Rejected
19.7,1,0.0,27.9,29.1,0,11.9,1.75,11.2,16.4,1,74.8,2,Rejected
19.6,0,11.0,50.3,100.0,0,3.8,29.03,44.5,21.3,0,79.3,2,Rejected
84.8,1,105.0,0.0,14.5,1,687.8,4.21,2.0,73.4,0,2.2,0,Verified
80.9,1,150.0,8.6,8.1,1,129.1,11.01,0.6,25.5,0,10.0,0,Verified
73.9,1,125.0,27.7,13.8,1,424.3,3.79,0.4,47.0,0,21.7,0,Verified
75.3,1,57.0,0.0,0.0,1,1.0,6.14,1.8,40.2,0,11.4,0,Verified
91.7,1,95.0,10.8,21.1,1,80.6,9.69,2.6,41.0,0,9.1,0,Verified
47.7,0,21.0,75.1,37.3,0,19.6,0.94,2.1,19.4,1,84.3,2,Rejected
80.8,1,133.0,16.3,4.7,1,339.6,4.23,18.4,56.2,0,0.4,0,Verified
36.2,1,23.0,58.0,49.4,0,4.6,0.0,27.8,9.8,0,72.0,2,Rejected
62.1,1,152.0,15.1,26.4,1,532.4,1.21,0.8,61.3,0,12.2,0,Verified
62.2,0,0.0,50.2,81.6,0,3.3,0.53,22.7,0.0,1,86.3,2,Rejected
93.0,1,118.0,23.0,24.7,1,140.1,3.54,2.3,66.2,0,9.4,0,Verified
0.0,1,7.0,66.9,14.3,0,11.1,0.0,16.3,15.1,0,75.8,2,Rejected
77.5,1,90.0,0.0,0.0,1,229.5,3.89,8.2,57.4,0,0.0,0,Verified
71.1,1,144.0,6.1,28.9,1,143.0,7.32,3.6,73.4,0,20.4,0,Verified
78.4,1,92.0,0.3,28.4,1,592.6,5.28,3.4,72.4,0,11.0,0,Verified
39.2,0,6.0,53.4,94.6,0,1.3,26.78,53.6,12.8,0,87.5,2,Rejected
93.2,1,63.0,7.4,23.1,1,523.7,6.02,6.0,65.1,0,6.0,0,Verified
94.1,0,155.0,22.0,8.0,1,204.7,7.03,4.7,39.8,0,27.0,0,Verified
62.2,1,135.0,17.0,30.0,1,506.0,4.94,1.1,60.5,0,19.3,0,Verified
65.9,1,147.0,12.6,5.8,1,1.0,4.41,1.0,59.5,0,18.3,0,Verified
42.3,1,32.0,10.0,35.7,1,764.0,7.54,0.2,69.7,0,20.6,0,Verified
70.7,1,103.0,0.0,21.4,0,82.5,4.55,0.2,39.3,0,23.2,0,Verified
95.4,1,97.0,0.0,33.6,1,128.7,9.02,3.3,77.8,0,4.0,0,Verified
89.2,0,97.0,11.1,6.4,1,450.0,3.11,0.6,55.1,0,23.6,0,Verified
78.9,0,82.0,17.9,16.9,1,473.1,3.05,7.7,70.1,0,21.6,0,Verified
34.5,1,0.0,41.9,32.9,0,22.0,0.27,26.3,14.7,0,67.1,2,Rejected
0.0,1,0.0,32.4,55.8,0,61.9,2.91,26.5,17.4,1,79.9,2,Rejected
84.9,1,24.0,14.6,22.8,1,714.7,5.01,1.4,59.2,0,11.9,0,Verified
92.7,1,190.0,9.2,40.8,1,1.0,1.69,1.2,67.1,0,16.2,0,Verified
59.4,1,132.0,26.9,17.8,1,34.4,5.24,0.3,90.3,0,24.1,0,Verified
86.2,1,108.0,22.3,20.7,1,392.2,6.41,0.1,18.7,0,20.7,0,Verified
18.6,0,28.0,65.3,60.9,0,22.4,1.1,28.7,16.7,0,87.9,2,Rejected
57.4,0,2.0,91.2,55.3,0,0.5,0.89,23.1,0.0,1,98.3,2,Rejected
91.8,1,80.0,0.0,7.4,1,113.7,6.42,7.5,51.8,0,9.0,0,Verified
100.0,1,105.0,16.6,13.4,1,824.8,2.28,5.0,12.5,0,24.8,0,Verified
80.5,1,171.0,13.8,14.1,1,689.1,4.21,3.0,65.4,0,5.5,0,Verified
38.1,1,0.0,35.6,52.3,0,4.1,20.1,3.4,9.3,1,85.6,2,Rejected
71.7,1,130.0,14.9,12.8,1,910.6,9.49,2.2,40.0,0,9.4,0,Verified
84.5,1,83.0,14.5,7.5,1,441.1,6.1,0.6,55.8,0,0.0,0,Verified
88.4,1,132.0,37.0,7.4,1,156.6,4.58,3.5,49.7,0,1.8,0,Verified
84.7,1,185.0,9.2,24.9,1,393.2,3.75,7.6,23.6,0,10.4,0,Verified
8.1,0,0.0,80.3,36.6,0,6.9,0.65,17.1,0.0,1,100.0,2,Rejected
84.9,1,106.0,5.3,16.2,1,235.6,7.83,0.9,65.4,0,9.4,0,Verified
100.0,1,140.0,17.9,0.0,1,459.2,2.11,0.9,45.1,0,8.2,0,Verified
52.5,0,14.0,31.9,69.4,0,11.7,1.07,27.6,0.2,1,100.0,2,Rejected
95.5,1,133.0,13.6,18.4,1,224.4,3.48,0.8,56.9,0,9.3,0,Verified
78.7,0,160.0,26.7,7.2,1,356.2,2.85,1.5,73.8,0,18.0,0,Verified
92.5,1,160.0,1.2,37.0,1,562.7,4.62,8.4,53.1,0,6.2,0,Verified
85.9,1,104.0,5.1,0.0,1,668.7,7.48,5.9,69.4,0,12.9,0,Verified
68.7,1,139.0,12.1,21.4,1,3.2,5.77,8.8,49.4,0,14.7,0,Verified
86.5,1,93.0,18.8,20.6,1,341.2,5.71,0.4,90.4,0,16.3,0,Verified
68.1,1,68.0,11.8,18.5,1,383.3,5.88,0.1,47.1,0,10.0,0,Verified
73.1,1,98.0,22.9,14.1,1,112.5,6.17,0.3,42.7,0,5.7,0,Verified
0.0,0,19.0,80.0,49.7,0,14.5,0.51,1.0,16.4,0,79.8,2,Rejected
32.3,0,0.0,58.7,61.0,1,4.1,22.43,14.7,34.7,0,61.9,1,Flagged for Review
65.4,1,149.0,13.1,3.3,1,554.9,3.35,2.6,32.5,0,3.2,0,Verified
96.8,1,0.0,9.2,15.6,1,440.1,6.63,0.8,68.1,0,5.0,0,Verified
90.0,1,232.0,15.4,9.8,1,191.0,7.14,0.1,0.0,0,8.2,0,Verified
59.7,0,0.0,35.8,60.4,1,35.1,16.8,26.7,0.0,1,67.1,2,Rejected
60.5,1,98.0,6.6,20.6,1,635.6,6.88,3.7,30.8,0,10.9,0,Verified
80.0,1,110.0,9.3,5.2,1,563.7,6.16,0.6,57.6,0,0.0,0,Verified
75.8,1,124.0,10.3,0.0,1,681.3,7.93,0.8,15.6,0,11.1,0,Verified
83.6,1,83.0,7.0,5.5,1,483.6,0.0,1.4,64.9,0,13.0,0,Verified
76.9,1,119.0,8.0,2.4,1,754.4,7.13,3.2,66.8,0,0.0,0,Verified
53.9,1,104.0,6.0,24.3,1,434.8,9.94,1.9,25.6,0,9.6,0,Verified
76.6,1,106.0,18.6,13.8,1,420.5,3.45,8.7,58.4,0,16.4,0,Verified
26.0,0,0.0,79.3,42.0,1,19.4,19.65,12.1,24.8,1,72.3,2,Rejected
35.0,1,14.0,18.7,21.5,0,8.8,25.07,98.1,17.8,1,64.4,1,Flagged for Review
72.2,1,112.0,11.6,22.5,1,813.1,2.68,2.3,28.6,0,11.2,0,Verified
100.0,1,117.0,4.5,46.1,1,574.1,3.33,1.8,26.0,0,6.9,0,Verified
55.2,1,116.0,36.7,16.3,1,554.3,5.42,4.6,82.0,0,16.8,0,Verified
100.0,1,100.0,14.1,22.3,1,601.0,3.0,8.2,40.2,0,11.8,0,Verified
78.9,1,161.0,19.9,20.3,1,676.3,7.19,5.4,45.5,0,11.6,0,Verified
94.0,1,94.0,15.9,0.0,1,757.7,3.02,1.5,66.4,0,3.5,0,Verified
83.1,1,120.0,16.2,19.0,1,358.5,5.9,0.7,34.0,0,7.8,0,Verified
98.0,1,168.0,15.4,15.7,1,762.7,5.71,7.4,50.2,1,27.2,0,Verified
64.0,0,0.0,46.0,46.0,0,0.2,21.11,8.6,47.0,0,59.2,1,Flagged for Review
66.6,1,120.0,13.7,1.4,0,589.2,7.91,4.4,29.4,0,15.0,0,Verified
41.0,1,0.0,58.6,53.4,0,13.9,0.0,9.8,6.0,1,82.2,2,Rejected
80.4,0,166.0,8.3,0.3,1,614.2,1.84,2.6,34.7,0,16.9,0,Verified
85.1,1,98.0,2.7,37.6,1,658.2,7.09,2.0,41.1,0,5.9,0,Verified
55.8,0,0.0,51.4,15.2,0,2.4,0.29,14.0,11.7,0,66.0,2,Rejected
67.6,1,105.0,13.3,0.0,1,809.6,4.16,0.6,80.3,0,5.3,0,Verified
90.3,1,71.0,14.8,5.8,1,600.9,2.35,2.0,59.6,0,5.1,0,Verified
73.7,1,141.0,12.9,8.7,1,452.8,6.7,1.1,64.6,0,0.0,0,Verified
3.9,1,11.0,57.6,39.2,0,19.1,0.0,0.8,0.0,0,75.8,2,Rejected
83.0,1,138.0,7.4,1.4,1,1092.8,4.91,2.8,42.9,0,0.0,0,Verified
61.0,1,0.0,19.2,10.6,1,116.1,4.95,2.6,59.3,0,14.5,0,Verified
71.1,1,110.0,20.7,5.5,1,211.0,5.46,4.3,31.7,0,11.2,0,Verified
100.0,1,89.0,0.0,18.0,1,1118.2,6.65,6.2,37.7,0,5.7,0,Verified
94.4,1,62.0,0.0,5.7,1,530.9,4.39,0.7,53.4,0,0.0,0,Verified
81.1,1,85.0,2.7,0.0,1,469.6,3.15,4.5,35.9,0,5.1,0,Verified
85.4,1,84.0,20.5,9.7,1,390.0,0.35,1.4,32.1,0,4.5,0,Verified
77.9,1,108.0,22.1,8.4,1,734.2,5.26,3.0,42.2,0,18.6,0,Verified
100.0,1,48.0,0.8,4.9,1,1098.9,4.61,5.7,75.6,0,3.1,0,Verified
28.4,0,0.0,85.1,88.6,1,5.4,29.36,4.5,45.1,1,71.0,2,Rejected
47.1,1,16.0,84.5,79.6,1,44.2,26.05,23.0,11.7,0,34.6,0,Verified
98.0,1,123.0,14.2,8.2,1,328.8,7.14,2.0,65.5,0,0.7,0,Verified
71.1,1,146.0,24.2,0.0,1,610.5,7.78,4.7,44.9,0,14.0,0,Verified
100.0,1,159.0,20.0,6.5,1,737.8,1.16,3.6,17.8,0,19.9,0,Verified
15.0,0,3.0,62.7,59.7,0,15.9,26.18,38.9,0.0,0,85.3,2,Rejected
49.8,1,26.0,52.5,28.4,0,47.5,26.72,2.7,0.0,1,65.8,2,Rejected
24.7,0,23.0,58.4,61.7,0,1.7,0.66,5.7,12.7,0,80.2,2,Rejected
78.6,1,78.0,11.0,22.4,1,270.6,2.96,2.8,53.2,0,8.6,0,Verified
55.5,1,145.0,19.2,29.2,1,203.0,8.45,1.8,49.9,0,22.2,0,Verified
75.6,1,142.0,14.1,16.7,1,802.0,1.62,1.4,44.7,0,6.9,0,Verified
67.4,1,145.0,0.0,0.0,1,451.9,7.87,1.2,61.2,0,8.8,0,Verified
73.5,0,195.0,0.0,30.4,1,62.3,4.3,0.0,30.4,0,15.4,0,Verified
50.7,0,13.0,57.2,26.1,0,7.9,0.0,29.4,0.0,0,78.8,2,Rejected
95.4,0,129.0,11.8,2.6,1,486.5,3.84,0.2,44.4,0,16.9,0,Verified
84.9,1,66.0,12.4,13.9,1,252.0,4.23,5.7,92.2,0,12.7,0,Verified
86.3,1,206.0,12.8,28.5,1,156.2,4.67,5.9,49.3,0,20.2,0,Verified
66.7,0,95.0,0.4,24.6,1,366.0,1.16,5.6,46.4,0,3.3,0,Verified
69.7,1,96.0,16.7,22.9,1,143.2,0.59,5.1,44.9,0,15.8,0,Verified
100.0,1,94.0,17.2,8.3,1,585.1,6.28,0.8,46.5,0,7.5,0,Verified
49.3,0,10.0,54.0,73.1,0,12.9,0.11,1.4,12.7,0,82.1,2,Rejected
100.0,1,77.0,0.0,16.2,1,443.5,6.52,7.2,54.2,0,3.9,0,Verified
78.6,1,86.0,10.0,10.4,1,555.1,1.87,4.3,72.8,0,8.2,0,Verified
35.4,0,13.0,67.1,38.5,1,7.8,0.0,13.1,0.0,1,75.9,2,Rejected
97.0,1,75.0,27.0,22.0,1,704.2,2.52,1.8,55.6,0,14.6,0,Verified
99.8,1,198.0,15.6,19.1,1,63.7,6.02,0.0,61.7,0,11.0,0,Verified
80.4,1,143.0,2.7,0.0,1,237.7,7.83,1.0,76.5,1,18.3,0,Verified
23.5,0,12.0,80.3,87.7,0,0.1,16.13,11.5,24.7,1,96.6,2,Rejected
81.2,1,163.0,5.5,10.7,1,605.3,8.67,6.7,60.1,0,5.6,0,Verified
66.0,0,13.0,76.5,50.1,0,9.5,0.0,36.5,28.8,0,67.4,2,Rejected
10.2,0,31.0,90.8,50.7,0,11.1,21.14,41.2,0.0,0,99.9,2,Rejected
5.6,0,0.0,83.5,71.7,0,3.5,1.06,20.0,33.6,1,91.0,2,Rejected
38.3,0,0.0,73.3,93.7,1,14.0,20.42,56.6,29.3,0,64.5,1,Flagged for Review
36.0,0,0.0,83.4,42.5,0,11.6,24.1,85.5,0.0,1,100.0,2,Rejected
38.5,0,10.0,40.4,30.4,0,2.7,8.8,15.9,0.0,1,83.7,2,Rejected
86.4,1,90.0,11.7,3.9,1,597.6,4.29,0.9,13.6,0,14.7,0,Verified
30.5,0,13.0,65.1,15.7,1,1.0,0.14,18.2,24.9,1,70.4,2,Rejected
64.8,0,18.0,63.4,32.8,1,1.0,25.97,114.0,7.4,0,50.9,1,Flagged for Review
87.4,1,77.0,15.2,15.6,1,322.6,2.14,5.7,40.2,0,15.1,0,Verified
80.7,1,12.0,7.2,9.4,1,653.9,7.83,0.1,40.0,0,12.5,0,Verified
74.8,1,65.0,15.6,22.2,1,102.3,0.0,0.8,48.9,0,6.0,0,Verified
2.1,0,19.0,51.3,73.9,1,5.7,0.0,6.0,0.0,0,59.4,1,Flagged for Review
31.5,0,18.0,52.3,42.4,0,6.3,0.71,22.2,12.3,0,78.1,2,Rejected
68.2,1,12.0,29.3,83.2,0,2.1,13.95,9.4,15.0,1,70.7,2,Rejected
35.4,1,11.0,91.9,86.9,0,12.9,30.17,48.1,6.4,0,63.7,1,Flagged for Review
39.6,0,20.0,34.8,52.5,1,6.3,30.05,31.4,3.6,0,51.0,1,Flagged for Review
9.8,0,31.0,50.2,45.1,0,16.9,1.36,43.8,6.8,0,93.4,2,Rejected
22.7,1,0.0,80.2,100.0,0,20.3,0.0,5.6,19.9,1,95.0,2,Rejected
27.5,0,21.0,74.9,70.9,1,13.2,25.49,0.9,7.1,1,83.8,2,Rejected
75.3,1,51.0,0.0,11.2,1,241.8,4.42,3.4,47.1,0,9.6,0,Verified
60.6,1,6.0,75.6,85.0,0,10.7,14.81,12.2,1.1,1,88.5,2,Rejected
83.2,1,71.0,0.0,11.7,1,709.4,3.17,1.4,63.1,0,2.3,0,Verified
82.2,1,151.0,25.1,5.6,1,451.4,2.17,2.7,47.9,0,15.9,0,Verified
88.7,1,128.0,7.5,25.5,1,480.0,5.19,4.9,24.0,0,7.3,0,Verified
45.0,0,2.0,59.2,77.9,1,10.2,30.64,4.1,0.6,0,61.2,1,Flagged for Review
56.3,1,74.0,9.5,16.1,1,68.5,0.44,1.6,83.2,0,15.7,0,Verified
75.9,0,127.0,16.4,25.9,1,322.1,4.97,4.0,24.5,0,14.6,0,Verified
14.7,0,3.0,45.5,85.4,1,6.0,0.0,19.1,10.5,1,72.1,2,Rejected
77.8,1,116.0,36.5,36.7,1,696.3,6.57,3.4,23.9,0,6.4,0,Verified
78.6,1,182.0,14.5,6.6,1,659.8,0.49,1.0,41.1,0,10.5,0,Verified
30.3,1,0.0,73.3,86.1,1,29.5,28.56,17.0,14.5,1,72.0,2,Rejected
44.3,0,12.0,92.3,53.6,0,30.2,21.52,4.5,12.0,0,77.8,2,Rejected
60.4,1,116.0,6.1,18.2,1,174.7,2.84,8.6,55.5,0,10.2,0,Verified
79.8,1,140.0,0.0,4.3,1,700.1,4.29,8.7,51.1,0,0.0,0,Verified
28.6,0,11.0,63.1,100.0,0,15.8,0.0,12.8,7.8,0,86.2,2,Rejected
38.0,1,15.0,70.7,96.2,0,21.5,23.32,9.1,0.0,1,98.3,2,Rejected
79.5,1,126.0,3.9,15.5,1,416.5,4.31,0.1,45.8,0,4.6,0,Verified
88.9,1,125.0,1.9,4.2,1,1.0,1.4,0.8,50.9,0,21.8,0,Verified
81.9,1,133.0,25.2,23.2,1,609.8,1.97,1.2,48.5,0,8.5,0,Verified
86.3,1,160.0,0.0,4.1,1,630.5,5.72,0.8,68.0,1,22.0,0,Verified
100.0,1,46.0,0.0,32.2,1,301.3,7.47,4.8,68.7,0,0.0,0,Verified
77.2,1,66.0,0.0,0.0,1,323.5,7.79,4.2,39.0,0,2.1,0,Verified
31.2,0,25.0,58.2,84.1,0,2.0,33.97,28.2,0.0,0,82.3,2,Rejected
27.9,0,5.0,50.0,15.4,1,28.7,1.08,56.8,10.5,0,44.7,1,Flagged for Review
70.2,1,262.0,6.4,4.9,1,1.0,9.78,2.2,58.3,0,25.2,0,Verified
73.8,1,133.0,7.8,11.9,1,758.4,7.98,0.4,71.3,0,3.4,0,Verified
75.3,0,106.0,21.5,8.1,1,205.7,7.31,4.0,58.5,0,14.8,0,Verified
87.0,1,87.0,3.1,0.0,1,902.4,2.98,0.3,15.6,0,18.4,0,Verified
6.5,1,25.0,50.8,39.8,1,36.4,0.0,16.3,12.1,1,54.1,1,Flagged for Review
72.0,1,111.0,25.1,27.2,1,827.5,6.15,0.5,30.7,0,18.0,0,Verified
76.2,1,115.0,5.4,24.0,0,250.9,6.63,8.4,42.1,0,18.0,0,Verified
46.8,0,6.0,69.2,48.2,0,19.7,26.01,12.6,53.9,0,66.3,2,Rejected
3.0,0,12.0,61.7,41.4,0,1.6,10.29,32.1,9.4,0,95.6,2,Rejected
85.7,1,170.0,19.2,0.0,1,303.9,4.74,5.2,70.7,0,11.1,0,Verified
75.5,1,15.0,22.7,73.7,0,2.4,0.0,9.3,14.3,1,67.8,2,Rejected
7.7,0,4.0,50.5,53.6,0,16.3,18.33,38.1,0.0,1,98.3,2,Rejected
38.8,0,12.0,42.6,25.1,0,14.1,19.91,112.1,18.5,0,65.5,2,Rejected
21.8,0,14.0,71.3,63.9,0,22.5,0.0,37.8,33.0,0,85.9,2,Rejected
43.5,0,0.0,80.2,64.3,0,12.0,15.97,46.8,2.6,1,85.5,2,Rejected
60.1,1,172.0,7.8,0.0,1,362.6,7.4,3.1,56.6,0,9.2,0,Verified
39.9,0,143.0,17.2,21.8,1,512.6,7.16,6.5,78.9,1,42.3,1,Flagged for Review
90.0,1,174.0,5.9,14.9,1,188.4,4.84,5.3,75.6,0,0.0,0,Verified
85.4,1,112.0,1.8,22.8,1,496.0,2.88,0.7,69.2,0,4.3,0,Verified
66.7,1,138.0,6.5,6.8,1,455.6,5.96,0.8,33.8,0,9.6,0,Verified
49.4,0,3.0,31.9,70.6,0,13.4,0.55,29.6,3.8,1,78.9,2,Rejected
68.4,1,123.0,0.7,12.1,1,250.5,5.8,0.7,51.4,0,0.0,0,Verified
83.5,1,170.0,0.0,22.3,1,73.3,4.26,1.3,47.9,0,4.9,0,Verified
73.2,1,83.0,10.7,9.2,1,861.1,6.34,0.1,42.7,0,2.5,0,Verified
88.9,1,71.0,4.3,21.6,1,583.9,6.49,1.1,51.9,0,3.0,0,Verified
42.1,1,10.0,44.7,63.3,1,16.1,0.67,60.9,14.9,0,47.0,1,Flagged for Review
28.7,0,21.0,62.9,72.2,0,90.0,35.55,14.8,0.0,0,66.6,2,Rejected
66.2,1,139.0,4.6,11.2,1,377.4,5.97,0.0,51.9,0,7.5,0,Verified
78.4,1,90.0,28.1,26.7,0,547.6,8.31,0.0,59.0,0,34.7,0,Verified
74.5,1,187.0,0.6,14.5,1,1.0,5.58,0.5,65.0,0,22.8,0,Verified
93.2,1,52.0,7.6,33.0,1,130.2,8.78,6.2,49.7,0,0.0,0,Verified
56.0,1,166.0,0.0,0.0,1,212.6,8.02,1.9,41.7,0,2.8,0,Verified
82.6,1,76.0,0.0,13.6,1,301.8,7.3,12.2,18.9,0,16.2,0,Verified
40.3,0,7.0,49.5,75.5,1,0.5,21.11,2.4,17.4,0,51.3,1,Flagged for Review
26.3,0,1.0,66.3,60.6,1,6.1,0.0,22.5,0.0,1,79.0,2,Rejected
33.7,0,12.0,63.3,73.9,0,10.0,0.77,50.3,1.4,1,98.9,2,Rejected
77.0,1,0.0,61.5,10.6,0,0.0,9.03,14.9,12.5,0,41.8,1,Flagged for Review
30.1,0,0.0,70.3,61.9,0,34.4,0.65,24.6,9.4,1,83.9,2,Rejected
27.8,1,0.0,53.4,69.4,0,5.1,16.83,41.5,2.0,0,73.9,2,Rejected
22.0,0,23.0,52.3,25.3,0,4.5,0.12,11.0,33.3,0,66.7,2,Rejected
49.9,1,3.0,89.6,74.0,1,25.7,0.2,26.6,0.0,1,68.7,2,Rejected
98.5,1,113.0,0.0,45.4,1,416.3,10.08,1.5,14.9,0,16.0,0,Verified
22.0,1,8.0,78.5,100.0,1,16.1,0.0,25.7,18.4,0,68.3,2,Rejected
89.3,1,109.0,16.7,12.6,1,181.5,7.75,2.7,68.7,0,10.1,0,Verified
100.0,1,46.0,0.0,10.7,1,482.5,1.59,4.3,38.4,0,0.0,0,Verified
87.9,1,46.0,0.0,23.4,1,174.2,1.02,3.4,56.2,0,0.0,0,Verified
0.0,0,0.0,30.4,19.4,0,1.4,19.11,17.6,16.7,0,77.1,2,Rejected
82.1,1,103.0,18.8,0.0,1,356.1,8.78,4.7,62.7,0,0.0,0,Verified
60.0,1,148.0,0.0,19.7,1,456.8,2.52,10.6,69.8,1,20.8,0,Verified
100.0,1,144.0,18.0,12.3,1,172.1,4.96,10.2,36.9,0,6.7,0,Verified
73.4,1,137.0,11.0,0.0,1,460.9,7.97,4.7,31.7,0,13.1,0,Verified
52.9,1,18.0,49.4,86.3,0,7.5,0.98,7.2,9.7,0,77.6,2,Rejected
10.8,1,7.0,69.5,33.8,0,12.2,21.34,5.0,25.5,0,64.7,1,Flagged for Review
65.5,1,129.0,16.5,18.7,1,768.2,5.01,0.1,63.9,0,8.2,0,Verified
100.0,1,134.0,18.4,25.2,1,487.9,3.9,0.8,65.2,1,15.3,0,Verified
77.1,1,3.0,6.5,33.6,1,503.7,2.26,1.2,49.0,0,21.5,0,Verified
100.0,1,72.0,10.2,2.0,1,632.5,4.08,0.4,58.2,0,0.6,0,Verified
48.7,1,16.0,57.4,39.4,0,15.7,31.95,1.9,0.0,1,84.2,2,Rejected
56.2,1,115.0,26.5,19.9,1,866.9,0.51,0.3,51.7,0,16.0,0,Verified
46.7,0,2.0,47.5,38.9,1,26.5,0.0,55.9,19.3,0,50.4,1,Flagged for Review
74.5,1,2.0,50.3,32.4,0,31.2,27.36,23.1,10.3,0,43.5,1,Flagged for Review
91.8,1,101.0,2.8,11.1,1,614.2,11.48,4.1,60.5,0,0.0,0,Verified
82.4,1,103.0,11.3,20.7,1,185.4,2.9,1.2,52.1,0,14.7,0,Verified
37.1,1,3.0,42.4,50.9,0,0.9,28.53,43.3,23.5,1,71.8,2,Rejected
17.0,0,0.0,61.0,85.1,1,1.7,0.99,10.0,0.0,0,76.0,2,Rejected
100.0,1,61.0,28.5,9.3,1,911.4,3.4,0.3,57.6,0,4.4,0,Verified
31.2,0,15.0,44.3,48.3,0,4.0,26.1,8.7,0.0,0,74.6,2,Rejected
81.2,1,136.0,14.7,0.0,0,391.8,6.42,3.1,58.3,0,19.0,0,Verified
32.4,0,0.0,31.9,52.1,1,2.4,0.28,12.8,0.0,0,52.5,1,Flagged for Review
84.9,1,178.0,10.2,0.0,0,1.0,8.36,1.1,29.7,0,28.9,0,Verified
84.9,1,96.0,8.5,19.9,1,337.3,7.77,6.5,83.3,0,9.4,0,Verified
34.8,0,24.0,71.2,55.4,1,4.6,27.08,13.0,17.5,0,63.0,1,Flagged for Review
10.0,1,8.0,47.1,14.8,0,8.9,0.0,11.4,31.0,0,66.0,2,Rejected
42.3,0,0.0,70.4,28.1,0,2.5,0.0,15.4,19.4,1,83.2,2,Rejected
52.7,0,15.0,73.3,25.6,0,17.0,0.0,9.6,12.7,0,82.9,2,Rejected
100.0,0,121.0,12.0,15.5,1,569.8,6.93,4.0,90.4,0,8.9,0,Verified
0.0,1,0.0,59.5,42.9,0,6.7,18.89,1.6,16.6,1,90.4,2,Rejected
69.6,1,81.0,22.2,15.3,1,1.0,6.68,4.4,84.7,0,16.4,0,Verified
43.7,1,29.0,21.2,69.6,1,4.1,28.64,4.8,13.8,1,59.3,1,Flagged for Review
78.0,1,87.0,6.8,5.3,1,355.9,5.66,2.6,39.8,0,0.0,0,Verified
92.6,1,96.0,6.9,16.9,1,371.9,7.39,5.5,64.1,0,1.0,0,Verified
77.9,1,148.0,6.5,0.0,1,1.0,4.93,0.6,36.6,0,17.3,0,Verified
81.2,1,118.0,17.2,0.0,1,808.3,3.11,0.5,44.2,0,16.8,0,Verified
88.9,0,137.0,6.8,15.0,1,466.0,4.81,0.5,60.7,0,2.5,0,Verified
0.0,0,12.0,49.5,53.7,1,4.6,13.98,28.3,4.6,1,77.9,2,Rejected
54.1,1,95.0,1.8,14.0,1,517.6,1.61,0.3,63.3,0,6.2,0,Verified
66.3,0,58.0,11.7,15.9,0,509.6,3.57,5.5,22.7,0,28.3,0,Verified
95.0,1,93.0,2.2,12.7,1,737.9,1.52,5.1,52.2,0,0.0,0,Verified
42.0,0,0.0,42.1,49.6,0,8.0,17.8,4.5,34.6,0,63.7,1,Flagged for Review
74.7,0,83.0,9.8,13.2,1,423.1,2.15,3.7,68.5,0,20.5,0,Verified
63.0,1,106.0,8.4,0.0,1,252.9,7.38,3.0,69.6,0,7.8,0,Verified
35.7,0,32.0,61.5,73.7,1,53.5,0.27,15.9,28.6,1,50.1,1,Flagged for Review
13.3,1,18.0,48.8,66.8,0,24.9,16.57,63.0,29.3,0,53.8,1,Flagged for Review
80.6,1,126.0,15.9,12.0,1,187.8,8.95,0.9,64.0,0,10.4,0,Verified
73.6,0,12.0,2.3,23.4,1,402.4,2.18,3.9,49.6,0,16.8,0,Verified
68.5,1,107.0,11.1,7.9,1,101.3,6.87,1.2,71.2,0,17.8,0,Verified
48.3,0,27.0,36.7,33.7,0,23.3,29.79,10.2,13.9,1,83.0,2,Rejected
87.1,1,56.0,3.4,6.6,1,921.1,6.59,0.1,53.9,0,10.5,0,Verified
0.5,1,9.0,5.6,100.0,1,10.7,0.0,20.5,4.2,0,54.3,1,Flagged for Review
21.4,0,7.0,78.7,20.5,1,40.4,0.0,11.1,1.4,0,53.5,1,Flagged for Review
58.9,0,18.0,80.7,44.6,0,7.1,3.34,47.5,21.7,1,88.6,2,Rejected
95.6,1,111.0,26.5,0.0,1,294.7,6.07,8.6,92.9,0,8.7,0,Verified
71.1,1,109.0,12.2,35.7,1,725.4,9.89,1.0,64.5,0,0.0,0,Verified
84.8,0,78.0,6.1,10.0,1,215.3,2.43,3.4,66.0,0,13.6,0,Verified
75.6,1,86.0,25.4,20.9,1,561.6,4.75,1.1,28.6,0,7.9,0,Verified
84.6,1,129.0,14.4,22.3,1,449.6,3.13,1.1,60.6,0,16.2,0,Verified
100.0,1,48.0,3.6,6.4,1,244.2,4.96,5.6,49.3,0,0.0,0,Verified
90.5,1,137.0,14.7,20.1,1,482.4,0.17,4.6,69.9,0,5.7,0,Verified
89.1,1,93.0,7.1,4.8,1,648.4,8.75,1.0,61.0,0,8.6,0,Verified
76.0,0,147.0,0.0,0.1,1,442.6,5.06,0.3,72.7,0,15.4,0,Verified
61.2,1,153.0,19.4,26.0,0,445.3,7.29,1.3,93.4,0,34.6,0,Verified
18.8,0,17.0,45.7,59.0,1,1.4,0.46,19.5,29.0,1,73.8,2,Rejected
98.9,1,84.0,28.4,18.2,1,717.5,5.48,0.3,72.0,1,25.1,0,Verified
60.6,1,72.0,14.2,16.9,1,691.6,7.82,3.3,67.3,0,8.0,0,Verified
43.4,1,0.0,39.5,82.1,0,6.1,10.2,4.1,24.0,1,67.9,2,Rejected
83.8,1,64.0,18.3,0.0,1,387.7,5.42,0.6,67.7,0,9.0,0,Verified
68.2,1,220.0,18.5,5.0,1,787.7,3.02,5.9,65.8,0,4.6,0,Verified
70.9,1,137.0,26.4,8.1,1,125.3,3.66,0.2,70.3,0,9.4,0,Verified
76.1,1,196.0,9.6,2.0,1,577.1,2.47,3.3,71.6,0,12.3,0,Verified
62.9,1,147.0,8.3,17.1,1,274.8,3.15,4.7,81.2,0,8.5,0,Verified
27.3,0,21.0,77.0,60.0,0,0.7,0.0,86.5,9.4,0,82.6,2,Rejected
91.8,1,93.0,15.4,28.1,1,436.5,9.52,0.7,47.9,0,6.8,0,Verified
63.7,0,136.0,0.0,7.9,1,747.7,1.88,7.8,86.2,0,15.1,0,Verified
97.2,1,8.0,66.1,42.3,1,36.6,0.0,6.2,5.5,0,22.0,0,Verified
47.1,1,7.0,75.9,38.3,1,30.4,23.38,32.6,10.9,1,61.9,1,Flagged for Review
92.2,0,42.0,15.9,19.5,1,359.1,8.49,1.4,57.7,0,14.0,0,Verified
79.2,1,258.0,11.4,1.5,1,488.3,5.34,1.9,51.8,0,10.3,0,Verified
75.5,1,104.0,25.3,33.8,1,287.2,4.98,2.3,83.5,0,7.7,0,Verified
82.6,1,95.0,18.7,23.1,1,617.2,3.14,2.3,63.6,0,13.1,0,Verified
57.6,1,115.0,3.9,23.4,1,365.4,1.17,0.7,48.0,0,11.7,0,Verified
39.6,1,0.0,74.8,23.0,0,5.6,16.34,30.4,16.8,1,82.6,2,Rejected
45.0,1,7.0,71.0,74.1,1,36.4,0.0,8.7,31.6,1,49.6,1,Flagged for Review
48.3,0,13.0,77.1,43.6,0,7.7,29.1,5.3,6.3,1,97.2,2,Rejected
96.1,1,104.0,0.0,10.3,1,326.0,3.5,2.0,57.5,0,0.8,0,Verified
51.8,1,0.0,30.9,21.8,1,8.3,0.0,16.5,4.0,1,50.6,1,Flagged for Review
97.8,1,103.0,23.2,17.0,1,880.9,6.98,1.0,42.5,0,11.0,0,Verified
84.2,1,89.0,1.2,10.0,1,270.4,7.46,2.4,61.7,1,12.3,0,Verified
77.3,1,174.0,8.1,11.5,1,570.2,2.05,2.2,60.7,0,0.0,0,Verified
43.8,1,11.0,55.0,11.5,1,23.6,0.3,11.3,19.8,0,42.2,1,Flagged for Review
80.5,1,115.0,18.8,6.5,1,345.4,1.53,3.2,73.5,0,0.0,0,Verified
44.2,1,9.0,69.0,64.1,1,17.6,20.72,24.1,18.5,0,41.7,1,Flagged for Review
66.9,1,55.0,0.0,12.3,1,1.0,7.21,2.0,55.9,0,29.6,0,Verified
34.9,1,15.0,100.0,73.7,0,52.4,0.1,28.8,26.8,0,70.1,2,Rejected
96.5,1,125.0,7.3,8.8,0,494.9,3.34,0.9,35.1,0,19.9,0,Verified
73.7,1,93.0,0.0,0.0,1,245.5,4.16,4.3,68.3,0,9.9,0,Verified
27.3,0,11.0,69.0,43.5,0,20.8,26.45,63.1,7.8,0,87.4,2,Rejected
48.9,0,0.0,48.8,81.8,1,2.9,0.0,38.7,9.8,0,62.5,1,Flagged for Review
76.4,1,109.0,7.2,17.4,1,254.3,6.83,6.7,41.6,0,7.1,0,Verified
91.5,1,3.0,0.0,4.9,1,556.9,5.8,0.8,88.3,0,5.8,0,Verified
65.8,1,60.0,38.7,12.5,1,18.9,4.97,1.4,61.9,0,31.5,0,Verified
92.6,1,82.0,12.7,0.0,1,655.7,2.73,0.3,38.5,0,7.5,0,Verified
84.8,1,164.0,11.1,12.0,1,315.4,2.35,3.9,70.4,0,0.0,0,Verified
52.8,0,11.0,45.5,14.9,0,43.7,27.43,15.2,0.0,1,83.6,2,Rejected
46.5,0,7.0,77.2,31.1,1,5.0,32.65,17.7,40.5,0,64.5,1,Flagged for Review
45.0,0,3.0,57.5,63.4,0,2.5,15.18,23.9,2.9,1,82.8,2,Rejected
89.0,1,168.0,0.0,13.9,1,208.9,4.75,3.2,8.0,0,14.8,0,Verified
53.1,1,167.0,0.0,0.2,1,94.8,4.94,0.2,22.5,0,19.3,0,Verified
77.6,1,107.0,17.9,2.4,1,47.1,3.45,1.0,79.8,0,13.3,0,Verified
95.2,1,89.0,29.4,16.3,1,706.8,6.24,1.4,52.7,0,15.1,0,Verified
84.7,0,80.0,13.7,5.7,1,385.0,4.53,2.2,47.3,0,7.3,0,Verified
44.8,1,9.0,64.4,59.7,0,7.3,17.79,27.6,28.7,0,66.9,2,Rejected
96.4,1,90.0,8.4,30.8,1,385.7,3.14,0.7,58.5,0,8.3,0,Verified
72.8,1,135.0,9.1,16.0,1,701.0,6.73,2.3,60.7,0,13.0,0,Verified
82.4,1,129.0,20.9,13.2,1,622.5,3.66,7.8,80.9,0,2.6,0,Verified
25.4,0,10.0,77.3,88.9,1,43.4,0.0,29.4,9.5,1,66.6,2,Rejected
59.8,1,167.0,23.0,21.0,1,585.9,4.44,3.4,49.5,0,12.9,0,Verified
68.8,1,194.0,0.0,0.0,1,466.8,4.76,2.9,62.3,0,2.4,0,Verified
74.1,0,116.0,9.3,7.0,0,498.5,6.48,7.7,75.0,0,35.9,1,Flagged for Review
53.5,1,159.0,12.8,23.5,1,477.5,7.03,3.1,71.0,0,10.2,0,Verified
82.7,1,94.0,7.4,24.4,1,420.0,7.3,2.9,66.2,0,6.5,0,Verified
78.5,1,163.0,13.9,6.4,1,615.9,9.44,4.4,59.9,0,3.0,0,Verified
7.7,0,18.0,95.4,79.5,0,7.7,20.16,15.7,0.0,1,100.0,2,Rejected
87.7,1,155.0,20.0,3.6,1,191.0,4.83,2.7,36.4,0,0.0,0,Verified
92.0,1,114.0,26.9,0.0,1,557.5,3.68,2.2,33.6,0,9.7,0,Verified
85.2,1,80.0,6.7,4.4,1,484.3,4.67,1.7,62.1,0,5.8,0,Verified
77.5,1,47.0,0.0,0.0,1,579.0,8.71,0.2,64.0,0,0.0,0,Verified
90.3,1,108.0,13.6,20.2,1,392.9,1.53,1.0,74.7,0,15.2,0,Verified
91.5,0,179.0,28.8,16.7,1,631.1,2.95,1.0,65.1,0,14.6,0,Verified
86.3,1,96.0,5.2,18.7,1,404.0,4.45,3.9,73.9,0,13.0,0,Verified
7.9,1,22.0,52.0,70.3,0,9.8,8.47,28.1,28.6,1,83.7,2,Rejected
85.9,1,148.0,17.0,0.0,1,301.3,3.98,0.8,68.9,0,11.5,0,Verified
98.7,1,97.0,11.9,12.6,1,319.3,9.52,0.2,37.0,0,5.5,0,Verified
22.4,0,20.0,53.3,57.6,1,2.2,1.34,5.1,7.7,1,79.3,2,Rejected
100.0,1,0.0,0.8,10.2,1,333.7,6.03,3.5,22.0,0,7.6,0,Verified
74.6,1,55.0,0.0,8.5,1,993.5,0.85,6.5,55.6,0,16.5,0,Verified
82.5,1,69.0,0.0,32.5,1,567.3,2.24,0.5,77.0,0,13.9,0,Verified
72.6,1,73.0,6.1,17.1,1,426.5,7.33,4.8,56.3,0,10.6,0,Verified
85.1,1,125.0,21.0,35.6,1,633.2,9.17,5.0,68.0,0,3.7,0,Verified
31.9,1,0.0,34.4,54.0,1,8.6,0.11,15.5,0.5,0,30.7,0,Verified
24.0,0,13.0,74.5,77.1,0,8.2,6.15,7.3,24.5,0,79.1,2,Rejected
66.7,1,137.0,1.1,0.0,1,652.8,6.24,1.1,51.6,0,0.9,0,Verified
45.0,0,6.0,73.3,62.6,0,23.7,0.0,2.4,6.0,0,78.2,2,Rejected
57.3,1,18.0,74.8,67.2,0,14.4,1.07,30.5,0.0,1,86.0,2,Rejected
91.0,1,128.0,20.6,0.0,0,102.1,2.38,1.4,43.9,0,29.4,0,Verified
48.8,0,82.0,16.1,30.0,1,261.4,6.99,4.3,30.0,0,21.7,0,Verified
100.0,1,39.0,0.0,8.5,1,346.8,0.0,4.9,58.7,0,6.6,0,Verified
26.7,0,18.0,70.8,31.1,0,58.1,17.37,44.3,7.9,0,68.0,2,Rejected
40.2,1,2.0,80.1,54.9,1,7.1,30.58,14.7,28.7,0,45.5,1,Flagged for Review
84.2,1,180.0,21.2,2.4,1,509.6,3.1,0.3,28.8,0,18.2,0,Verified
84.5,1,118.0,0.0,3.7,1,422.4,4.06,1.5,73.7,0,3.9,0,Verified
41.9,0,0.0,41.9,65.1,1,6.3,0.88,37.6,22.0,0,48.5,1,Flagged for Review
84.8,1,172.0,13.6,32.8,1,634.4,4.94,0.6,56.0,0,13.1,0,Verified
35.7,0,12.0,0.3,74.7,1,9.7,0.0,66.9,39.1,0,53.7,1,Flagged for Review
19.8,0,1.0,70.0,40.3,0,35.2,0.11,24.0,15.9,0,69.8,2,Rejected
72.4,1,122.0,11.0,22.2,1,715.9,5.63,3.3,57.2,0,12.3,0,Verified
61.9,1,151.0,2.1,16.8,1,712.1,5.73,3.0,44.0,0,8.0,0,Verified
84.0,1,118.0,2.2,21.0,1,636.4,2.77,5.8,51.1,0,5.4,0,Verified
90.2,1,168.0,6.5,12.2,1,407.7,0.0,0.1,80.0,0,1.7,0,Verified
89.2,1,120.0,8.7,27.4,1,228.5,2.73,4.4,23.5,0,4.1,0,Verified
93.5,0,43.0,9.9,18.8,1,414.6,2.48,6.4,58.3,0,26.0,0,Verified
5.1,1,0.0,100.0,98.3,0,3.8,0.0,22.7,39.1,1,92.7,2,Rejected
74.5,1,67.0,7.8,15.6,1,42.1,2.9,2.5,79.1,0,0.0,0,Verified
33.3,1,12.0,77.8,55.9,0,13.4,28.36,36.2,23.4,1,81.7,2,Rejected
63.0,1,106.0,13.1,8.5,1,205.3,7.2,0.2,36.2,0,15.6,0,Verified
16.6,0,15.0,51.5,44.2,0,1.2,33.13,14.6,0.0,0,86.9,2,Rejected
68.5,1,161.0,7.1,4.6,1,277.1,7.09,3.1,61.3,0,0.0,0,Verified
39.1,1,3.0,31.9,30.0,0,5.6,1.93,16.9,19.3,1,81.7,2,Rejected
95.2,1,133.0,0.0,0.0,1,238.0,5.15,2.9,17.0,0,21.1,0,Verified
88.8,1,129.0,17.2,0.0,1,835.4,8.91,5.8,33.4,0,1.0,0,Verified
97.0,1,19.0,21.6,20.0,1,1.0,1.04,0.4,78.5,1,33.7,0,Verified
24.1,0,1.0,74.8,66.4,0,45.8,21.84,6.5,3.6,0,66.9,2,Rejected
86.9,1,60.0,8.5,4.0,1,87.9,2.51,10.5,55.2,0,15.4,0,Verified
68.5,0,4.0,63.0,91.4,1,63.7,0.0,7.5,21.8,0,32.1,0,Verified
93.9,1,59.0,8.8,8.6,0,473.6,6.03,0.8,43.5,0,21.6,0,Verified
9.0,1,15.0,24.3,56.0,1,15.7,33.01,0.8,12.6,1,66.6,2,Rejected
51.6,0,25.0,54.5,100.0,0,14.2,19.83,4.4,9.0,1,94.1,2,Rejected
51.2,0,14.0,48.4,46.2,0,17.4,21.47,12.6,11.2,1,83.0,2,Rejected
94.3,1,110.0,12.9,25.6,1,253.1,0.9,5.9,78.9,0,7.0,0,Verified
72.6,1,118.0,1.5,4.5,1,377.3,5.89,4.0,62.7,0,19.4,0,Verified
65.8,0,14.0,44.8,44.9,0,36.0,27.53,6.5,0.0,1,72.3,2,Rejected
67.2,0,136.0,0.0,12.0,1,470.8,6.39,1.1,59.7,0,15.5,0,Verified
47.0,1,80.0,0.0,14.9,0,402.9,7.21,1.0,69.5,0,23.5,0,Verified
84.8,1,155.0,0.0,12.4,0,609.7,4.92,4.6,73.0,0,26.5,0,Verified
90.5,1,99.0,28.0,6.9,1,444.3,6.09,2.0,61.7,0,13.4,0,Verified
85.7,1,91.0,13.3,16.1,1,472.3,5.36,9.0,82.5,0,3.6,0,Verified
54.7,1,111.0,16.6,17.6,1,320.5,9.48,5.1,43.9,0,16.0,0,Verified
42.8,0,13.0,64.1,75.9,0,7.6,31.33,4.3,32.7,0,71.2,2,Rejected
8.5,0,0.0,59.1,37.8,0,35.6,0.0,28.5,10.4,0,57.9,1,Flagged for Review
100.0,1,86.0,10.8,26.3,1,733.9,7.2,2.1,44.0,0,8.8,0,Verified
66.8,1,131.0,12.7,20.5,1,535.4,2.68,0.9,59.2,0,23.0,0,Verified
99.6,1,165.0,11.1,23.2,1,207.5,5.98,1.4,60.4,0,0.0,0,Verified
34.1,1,4.0,36.7,51.1,1,15.0,0.0,68.2,11.9,1,61.0,1,Flagged for Review
69.4,1,104.0,9.5,0.8,1,332.9,4.75,2.0,52.2,0,14.5,0,Verified
66.1,1,131.0,12.7,2.3,1,605.8,11.09,3.8,27.6,0,7.4,0,Verified
46.4,1,0.0,2.6,57.9,0,20.1,0.1,66.3,2.4,1,63.7,1,Flagged for Review
33.8,0,11.0,89.0,59.7,0,0.4,14.42,40.6,37.4,1,94.0,2,Rejected
83.4,1,135.0,0.0,45.4,1,285.2,6.33,4.8,44.7,0,18.2,0,Verified
75.2,1,159.0,20.8,23.8,1,291.8,3.27,5.7,39.6,0,8.4,0,Verified
46.3,1,13.0,49.9,37.1,0,6.6,0.0,21.0,19.2,1,80.0,2,Rejected
14.6,1,15.0,70.6,59.6,0,1.7,0.0,1.9,14.5,0,69.5,2,Rejected
34.5,0,0.0,47.9,57.5,0,16.1,19.35,30.4,6.8,0,77.4,2,Rejected
74.1,1,66.0,0.0,9.4,1,530.9,5.24,1.1,59.0,0,7.6,0,Verified
39.5,0,19.0,43.6,79.3,1,9.9,1.41,21.3,8.6,0,60.4,1,Flagged for Review
27.6,0,4.0,92.3,54.3,0,4.8,0.32,128.3,39.1,1,91.9,2,Rejected
98.4,1,215.0,3.3,30.8,1,671.1,3.69,4.8,43.1,0,8.2,0,Verified
51.5,1,22.0,86.6,62.2,0,0.3,11.89,26.7,19.1,0,77.9,2,Rejected
77.2,1,111.0,11.8,2.7,1,215.1,0.0,1.0,78.3,0,10.6,0,Verified
2.9,0,3.0,52.2,20.0,0,0.2,1.03,7.9,0.9,0,76.2,2,Rejected
70.0,0,0.0,65.3,41.7,0,14.5,0.34,29.6,0.0,0,70.1,2,Rejected
62.6,0,8.0,76.7,42.6,1,12.3,22.69,27.6,17.8,1,84.1,2,Rejected
89.7,1,83.0,20.6,22.0,0,343.0,6.02,3.8,53.2,0,29.8,0,Verified
91.5,1,105.0,0.0,18.6,1,558.9,6.35,1.4,54.2,0,2.5,0,Verified
54.9,1,26.0,12.3,8.8,1,27.3,10.2,3.5,37.0,0,13.7,0,Verified
71.3,1,132.0,2.3,5.5,1,137.0,5.74,2.2,54.8,0,0.0,0,Verified
69.7,1,60.0,31.4,10.1,1,162.7,4.9,0.5,66.8,0,8.5,0,Verified
30.3,0,3.0,89.0,54.0,0,16.3,7.34,11.1,20.2,1,96.0,2,Rejected
19.3,0,18.0,80.2,0.0,0,0.5,0.33,8.1,2.7,0,76.0,2,Rejected
100.0,1,62.0,8.7,12.2,1,1.0,11.06,1.1,68.1,0,15.7,0,Verified
16.7,0,0.0,76.0,56.4,0,10.6,33.31,26.8,18.0,0,77.6,2,Rejected
18.4,1,13.0,85.2,60.3,0,19.7,18.9,22.3,0.0,0,86.8,2,Rejected
33.7,0,0.0,52.9,20.6,0,5.1,20.22,77.2,0.0,1,84.2,2,Rejected
20.7,1,14.0,34.9,59.9,0,60.9,13.0,8.9,30.2,0,49.3,1,Flagged for Review
48.6,0,10.0,63.4,32.1,1,17.3,0.0,11.6,4.1,0,52.0,1,Flagged for Review
86.0,1,227.0,10.0,14.9,1,420.5,2.69,4.3,63.4,0,4.4,0,Verified
65.8,1,131.0,22.3,13.0,1,680.9,0.0,1.8,54.4,0,6.8,0,Verified
63.3,1,69.0,14.3,17.1,1,1.0,5.79,0.3,49.9,0,24.7,0,Verified
60.3,1,93.0,2.3,22.8,1,181.1,8.0,3.0,57.8,0,4.0,0,Verified
44.4,1,13.0,64.7,37.0,1,10.2,0.0,7.3,0.0,1,63.7,1,Flagged for Review
36.5,0,20.0,69.2,59.2,1,21.9,19.04,45.8,0.0,1,76.5,2,Rejected
100.0,1,151.0,18.9,0.0,1,615.5,6.88,4.9,61.0,0,7.6,0,Verified
93.8,1,120.0,35.3,8.8,1,488.1,5.28,0.5,88.2,0,13.7,0,Verified
10.2,0,0.0,45.6,100.0,0,13.6,9.48,2.7,15.2,0,85.7,2,Rejected
73.9,1,96.0,18.0,32.4,1,341.4,6.35,1.2,46.0,0,14.6,0,Verified
65.8,1,170.0,2.5,35.8,1,1024.5,0.1,1.9,100.0,0,8.3,0,Verified
93.9,1,103.0,8.9,19.8,1,819.1,5.28,7.9,40.2,0,13.6,0,Verified
87.8,1,66.0,10.3,22.3,1,548.8,1.07,4.3,78.2,0,5.1,0,Verified
48.7,0,0.0,50.2,12.1,1,27.1,0.24,16.3,33.0,0,40.3,1,Flagged for Review
87.4,1,28.0,34.6,16.4,1,559.9,3.76,2.6,56.1,0,8.5,0,Verified
86.5,1,77.0,6.9,0.0,1,635.0,7.59,1.1,52.6,0,0.0,0,Verified
82.3,0,37.0,90.1,100.0,0,2.3,0.0,10.5,22.7,0,89.9,2,Rejected
100.0,1,223.0,0.0,1.4,1,224.6,6.18,4.1,26.6,0,3.1,0,Verified
89.6,1,191.0,14.3,15.4,1,884.0,4.52,2.1,58.4,0,7.1,0,Verified
93.8,1,177.0,21.4,11.3,1,484.0,7.63,0.2,47.7,0,4.0,0,Verified
89.2,1,95.0,4.7,35.4,1,943.6,1.01,2.3,21.5,0,14.5,0,Verified
75.5,1,219.0,0.0,23.0,1,468.7,2.76,0.1,75.2,0,3.9,0,Verified
64.1,0,0.0,61.5,36.3,0,23.1,24.84,2.7,32.8,0,65.9,2,Rejected
8.2,0,7.0,17.4,50.5,0,24.1,13.74,10.6,22.8,0,80.0,2,Rejected
96.8,0,118.0,17.2,32.1,1,498.3,0.0,3.1,66.1,0,13.0,0,Verified
65.3,0,108.0,30.1,11.6,1,454.7,8.63,2.1,30.5,0,26.2,0,Verified
69.4,0,26.0,32.3,35.2,0,30.8,0.0,7.0,49.9,0,48.1,1,Flagged for Review
74.9,0,1.0,95.6,41.5,0,15.9,15.46,36.4,1.0,0,82.3,2,Rejected
89.7,1,137.0,0.0,7.2,1,291.7,5.24,3.2,42.3,0,0.9,0,Verified
81.5,1,127.0,12.0,12.4,1,303.6,9.15,1.1,22.6,0,3.5,0,Verified
59.7,1,109.0,14.8,0.0,1,292.5,8.15,10.1,39.4,0,10.4,0,Verified
27.3,0,11.0,31.7,65.3,1,12.8,14.84,5.5,41.8,1,61.3,1,Flagged for Review
34.1,0,9.0,35.9,86.3,0,27.8,0.96,28.4,12.7,0,66.0,2,Rejected
35.5,1,5.0,87.7,59.8,0,4.5,17.62,94.2,10.7,0,71.2,2,Rejected
82.0,1,142.0,10.4,16.2,1,674.9,4.0,2.5,32.7,0,5.3,0,Verified
34.7,0,14.0,62.4,59.3,0,3.0,4.89,4.4,10.1,1,89.7,2,Rejected
68.6,0,107.0,5.2,0.0,1,464.9,6.26,0.8,21.9,0,16.7,0,Verified
25.1,0,12.0,35.6,82.4,1,10.3,21.6,13.7,14.7,0,56.2,1,Flagged for Review
75.6,1,154.0,12.4,5.2,0,315.0,4.13,1.2,93.9,0,26.7,0,Verified
94.0,1,177.0,10.3,19.7,1,850.3,6.53,5.4,23.0,0,18.9,0,Verified
100.0,1,96.0,11.9,16.7,0,1.0,4.17,0.3,36.7,0,44.2,1,Flagged for Review
29.4,0,10.0,88.9,82.1,1,1.0,4.48,59.8,0.0,0,74.2,2,Rejected
29.4,0,26.0,57.4,25.6,0,7.3,0.38,5.4,0.0,0,86.8,2,Rejected
50.8,0,13.0,71.5,88.7,0,7.9,0.0,9.6,0.0,0,84.5,2,Rejected
65.3,1,79.0,10.5,10.6,1,131.0,4.4,0.9,81.5,0,8.5,0,Verified
68.6,1,176.0,0.0,4.4,1,616.0,7.07,3.8,40.3,0,0.0,0,Verified
63.1,1,159.0,4.2,0.4,1,370.2,2.1,1.7,85.1,0,14.1,0,Verified
59.8,1,134.0,10.5,0.0,1,337.4,7.62,3.0,63.4,0,19.9,0,Verified
87.8,1,90.0,2.6,9.8,1,448.6,0.89,1.1,77.9,0,9.3,0,Verified
13.3,1,7.0,90.9,46.7,0,35.2,16.75,129.5,19.1,0,74.7,2,Rejected
87.3,0,83.0,3.4,20.8,1,1.0,1.47,0.1,66.8,0,11.3,0,Verified
91.7,1,180.0,12.2,14.7,1,292.4,0.0,3.5,67.8,0,19.9,0,Verified
85.7,1,82.0,11.2,3.2,1,652.8,5.92,5.3,75.6,0,4.2,0,Verified
91.2,1,115.0,17.5,24.0,1,28.3,4.56,3.1,54.4,0,34.6,0,Verified
8.6,0,23.0,51.7,90.4,1,5.8,0.0,38.6,0.1,1,93.0,2,Rejected
44.6,1,7.0,97.1,81.2,0,41.5,0.14,4.2,15.2,0,72.5,2,Rejected
96.8,1,86.0,0.0,0.2,1,231.3,6.1,2.2,43.0,0,0.0,0,Verified
46.0,0,0.0,62.7,57.7,1,17.6,1.79,37.1,26.9,0,52.2,1,Flagged for Review
68.9,1,34.0,25.3,1.8,1,135.8,4.5,0.0,84.8,0,0.0,0,Verified
32.5,0,10.0,97.7,28.7,1,2.3,0.29,82.8,14.2,1,84.6,2,Rejected
69.2,1,110.0,12.4,0.8,0,407.5,3.54,4.4,65.4,0,11.9,0,Verified
36.7,0,0.0,100.0,63.4,1,6.4,0.0,10.6,28.3,1,74.2,2,Rejected
86.8,1,205.0,0.0,3.5,1,743.6,3.44,7.9,66.1,0,11.8,0,Verified
86.9,1,17.0,2.6,0.0,1,352.0,3.12,1.8,88.6,0,6.8,0,Verified
18.0,0,26.0,79.3,41.7,0,6.1,9.34,9.3,19.7,1,90.2,2,Rejected
75.2,0,111.0,6.5,0.0,1,372.2,4.05,0.4,37.0,0,7.0,0,Verified
97.0,1,94.0,0.4,19.1,1,635.5,3.4,7.8,42.4,0,0.0,0,Verified
88.9,1,60.0,2.7,12.4,1,922.2,2.32,0.1,30.2,0,4.5,0,Verified
100.0,1,67.0,9.9,37.4,1,456.2,6.92,0.1,57.0,0,12.8,0,Verified
98.5,1,65.0,2.3,24.0,1,62.9,8.08,0.2,57.9,0,7.9,0,Verified
44.7,0,0.0,69.3,47.8,0,60.3,0.07,6.5,31.2,1,68.0,2,Rejected
43.4,0,20.0,48.1,83.8,1,2.8,0.1,17.8,0.0,0,64.4,1,Flagged for Review
47.1,0,0.0,79.3,21.8,0,16.2,22.09,39.2,19.3,1,96.4,2,Rejected
81.3,1,163.0,21.3,0.0,1,936.1,7.67,1.0,63.9,0,10.0,0,Verified
12.4,0,20.0,91.4,69.5,1,2.8,15.85,25.3,0.0,1,100.0,2,Rejected
84.4,0,160.0,3.8,10.4,1,498.1,4.59,4.5,57.6,0,19.0,0,Verified
95.2,1,0.0,12.9,7.9,1,191.8,3.7,7.2,56.6,0,10.3,0,Verified
46.1,1,8.0,48.6,9.2,1,4.3,0.47,57.3,5.3,0,50.4,1,Flagged for Review
69.7,1,169.0,4.9,14.3,1,613.7,5.32,0.4,51.4,0,12.8,0,Verified
26.7,0,14.0,100.0,78.0,1,16.8,0.0,2.8,6.8,0,69.4,2,Rejected
29.1,1,4.0,48.2,53.8,1,8.2,20.66,16.7,8.2,0,55.8,1,Flagged for Review
85.0,1,177.0,7.6,17.0,0,251.1,7.35,2.0,67.1,0,23.9,0,Verified
77.8,1,89.0,15.6,13.1,0,502.2,3.04,1.9,73.6,1,37.5,1,Flagged for Review
78.9,1,87.0,7.1,4.1,1,864.0,11.36,0.9,64.2,0,0.0,0,Verified
92.7,0,64.0,7.9,12.0,1,185.6,1.17,2.9,47.1,0,21.9,0,Verified
20.8,1,9.0,76.3,33.8,0,6.7,0.0,25.8,1.4,1,90.9,2,Rejected
100.0,1,55.0,1.6,2.6,1,731.9,5.58,1.4,47.7,1,22.1,0,Verified
56.5,1,129.0,21.7,8.0,1,776.0,10.62,0.3,51.0,0,15.8,0,Verified
73.6,1,44.0,0.0,10.6,1,500.2,3.59,2.7,39.3,0,6.7,0,Verified
83.5,1,5.0,48.3,51.0,0,17.7,0.08,7.9,1.2,0,61.7,1,Flagged for Review
90.2,1,138.0,14.1,23.0,1,157.7,6.37,4.3,51.4,0,11.3,0,Verified
80.6,1,35.0,0.5,6.0,1,246.3,4.38,7.0,68.8,0,0.3,0,Verified
23.7,0,8.0,47.0,75.6,1,45.7,21.46,23.0,21.3,0,34.4,0,Verified
87.7,0,133.0,0.9,13.4,1,496.9,4.82,0.8,42.6,0,11.1,0,Verified
76.8,1,0.0,85.0,70.8,0,9.0,0.0,68.2,6.4,1,89.4,2,Rejected
100.0,1,76.0,0.0,12.9,1,1.0,10.87,7.4,70.7,0,10.0,0,Verified
93.8,1,138.0,3.5,24.0,1,306.8,0.0,4.7,33.4,0,18.0,0,Verified
72.4,0,0.0,38.5,58.3,1,11.9,0.0,4.3,30.0,1,60.2,1,Flagged for Review
68.5,1,106.0,0.0,14.7,1,548.3,7.33,3.8,60.9,0,7.6,0,Verified
80.9,1,200.0,25.9,3.5,1,370.3,3.14,0.9,42.3,0,4.9,0,Verified
77.8,1,112.0,15.4,35.6,1,256.6,9.68,5.6,61.4,0,17.2,0,Verified
67.9,1,161.0,11.4,4.2,1,1107.2,1.57,0.5,26.6,0,0.5,0,Verified
87.0,0,123.0,3.4,0.0,1,689.9,7.52,1.3,38.3,0,14.5,0,Verified
74.5,1,136.0,19.1,22.3,1,694.5,0.0,1.3,65.8,0,8.4,0,Verified
91.2,1,35.0,1.8,10.6,1,992.6,2.14,2.5,55.5,0,4.0,0,Verified
14.7,0,11.0,80.9,80.5,0,31.0,32.16,3.6,6.2,0,82.0,2,Rejected
100.0,1,77.0,1.3,5.5,1,219.6,3.12,1.8,51.8,0,0.0,0,Verified
16.5,0,15.0,62.1,53.2,0,6.3,0.0,6.2,38.7,0,64.9,1,Flagged for Review
85.1,1,188.0,17.6,16.3,1,670.9,2.94,1.6,65.5,0,2.6,0,Verified
93.1,1,100.0,18.6,18.6,1,1.0,0.0,0.9,69.2,0,24.8,0,Verified
26.8,1,11.0,48.7,90.4,0,14.7,32.43,2.8,11.1,0,76.5,2,Rejected
93.9,1,94.0,0.0,15.2,1,1.0,5.12,4.7,48.0,0,12.8,0,Verified
64.8,1,51.0,5.5,28.8,1,445.7,6.02,2.0,45.0,0,22.5,0,Verified
52.2,0,0.0,47.9,55.2,1,3.5,13.43,46.0,33.2,1,69.7,2,Rejected
82.2,1,79.0,1.5,0.0,1,492.6,7.39,2.3,47.7,0,9.2,0,Verified
73.7,1,134.0,23.7,22.4,1,663.9,4.81,0.2,44.1,0,7.7,0,Verified
6.0,1,0.0,69.8,71.5,1,3.7,0.22,2.9,11.4,0,65.0,1,Flagged for Review
93.3,1,87.0,2.2,13.3,1,382.7,3.06,0.0,36.2,0,5.5,0,Verified
34.0,1,13.0,69.5,51.6,0,29.9,2.43,44.0,3.5,0,67.2,2,Rejected
71.5,1,64.0,0.0,7.6,1,475.3,8.44,2.1,50.2,0,4.8,0,Verified
78.9,1,220.0,0.0,12.2,0,666.8,8.39,0.4,51.3,0,18.8,0,Verified
65.5,1,152.0,16.3,10.4,1,261.1,6.43,2.3,62.2,0,5.7,0,Verified
100.0,1,101.0,10.3,4.9,1,841.0,2.78,6.9,29.5,0,0.0,0,Verified
74.1,0,75.0,25.7,26.3,1,690.8,2.58,1.2,40.6,0,28.7,0,Verified
93.6,1,105.0,25.5,0.0,1,802.6,8.32,12.1,32.7,0,5.6,0,Verified
42.4,0,13.0,76.0,89.8,0,7.2,0.04,16.4,4.8,1,96.7,2,Rejected
68.2,1,198.0,13.1,22.5,1,93.6,4.84,4.6,38.6,0,13.9,0,Verified
33.9,0,19.0,60.1,52.3,1,1.8,21.96,34.9,0.0,1,74.8,2,Rejected
93.0,1,116.0,0.0,9.3,1,1.0,6.15,1.6,44.5,0,20.7,0,Verified
56.9,0,0.0,60.6,99.5,0,14.3,25.5,0.2,0.0,0,84.3,2,Rejected
22.5,0,0.0,42.2,66.6,0,23.9,1.08,38.7,25.6,0,63.4,1,Flagged for Review
8.6,0,0.0,47.4,34.2,0,7.0,2.67,20.1,22.2,0,67.3,2,Rejected
94.9,0,105.0,12.9,12.4,1,502.8,5.22,0.3,84.3,0,8.3,0,Verified
19.0,0,15.0,52.5,82.6,0,5.7,19.54,4.3,4.5,1,100.0,2,Rejected
66.9,1,137.0,19.4,3.1,1,403.6,2.61,3.7,45.7,0,15.8,0,Verified
59.7,1,7.0,14.4,95.8,0,14.1,1.1,37.1,0.0,0,54.0,1,Flagged for Review
25.9,1,0.0,76.0,0.0,0,10.2,21.74,55.4,23.5,0,57.6,1,Flagged for Review
89.6,1,123.0,19.9,0.0,1,446.7,3.73,5.0,34.7,0,12.5,0,Verified
51.6,1,35.0,4.4,17.7,1,168.2,11.06,2.0,50.6,0,1.4,0,Verified
52.0,0,2.0,57.9,57.6,1,9.5,3.13,4.1,17.5,1,69.8,2,Rejected
84.2,1,176.0,11.5,9.4,1,294.8,3.69,0.5,55.8,0,6.1,0,Verified
78.1,1,68.0,15.1,12.6,1,436.9,8.03,0.6,52.4,0,14.6,0,Verified
100.0,1,98.0,13.7,26.0,1,301.0,6.83,0.4,38.2,0,9.9,0,Verified
59.0,0,3.0,61.3,35.1,0,15.3,20.5,5.4,5.7,1,93.2,2,Rejected
25.2,0,21.0,45.2,17.2,0,20.5,28.85,36.9,13.9,0,76.5,2,Rejected
79.0,1,114.0,9.2,6.1,1,560.1,6.05,4.0,54.2,0,3.7,0,Verified
47.4,0,2.0,32.3,55.0,0,1.1,4.54,41.6,3.9,0,82.5,2,Rejected
100.0,1,129.0,5.6,27.5,1,273.6,8.29,5.7,66.5,0,1.2,0,Verified
100.0,1,121.0,18.9,0.0,1,574.7,0.0,0.3,37.9,0,0.0,0,Verified
66.7,1,113.0,17.4,24.1,1,370.5,3.89,0.4,84.1,0,1.3,0,Verified
78.4,1,147.0,7.0,21.8,0,110.8,1.01,5.7,33.8,0,27.2,0,Verified
77.2,1,32.0,23.9,30.6,1,689.4,3.75,0.8,68.7,0,10.8,0,Verified
88.8,1,114.0,6.4,16.6,1,511.9,4.81,3.7,20.7,0,2.2,0,Verified
91.6,0,107.0,25.1,11.5,1,389.0,2.01,0.0,14.4,0,26.9,0,Verified
70.3,1,143.0,14.3,25.7,1,11.5,0.0,0.3,45.0,0,30.4,0,Verified
82.9,0,102.0,9.8,20.4,1,226.3,5.52,2.8,14.3,0,28.3,0,Verified
53.7,1,63.0,1.1,38.9,1,944.8,10.22,0.6,68.1,0,16.9,0,Verified
100.0,1,110.0,9.1,23.5,1,27.8,4.12,0.1,54.6,0,10.9,0,Verified
74.8,1,61.0,8.0,13.8,1,354.6,7.4,1.9,80.2,0,4.3,0,Verified
82.8,1,23.0,0.0,0.0,1,415.8,8.76,1.2,52.0,0,6.8,0,Verified
77.7,1,143.0,7.8,5.0,1,503.3,0.25,4.9,59.4,0,6.3,0,Verified
98.0,1,136.0,2.0,0.0,1,30.7,3.86,5.1,50.2,0,3.6,0,Verified
42.3,1,131.0,15.9,9.4,1,465.3,1.81,2.9,39.3,0,16.9,0,Verified
44.1,0,4.0,58.7,28.3,0,3.8,20.11,28.5,15.2,0,75.4,2,Rejected
64.1,0,27.0,49.3,74.0,1,9.5,18.0,36.9,0.2,0,65.8,2,Rejected
75.6,1,46.0,27.1,24.3,1,250.4,5.56,3.6,62.0,0,9.5,0,Verified
50.8,0,10.0,51.2,51.2,0,5.3,0.09,26.9,0.0,0,70.4,2,Rejected
36.7,0,18.0,49.3,47.7,0,35.4,2.0,10.0,8.5,0,53.9,1,Flagged for Review
63.2,1,12.0,65.5,50.3,1,0.8,0.0,4.3,10.5,0,50.7,1,Flagged for Review
43.2,0,3.0,100.0,55.2,0,1.3,0.48,6.8,0.0,1,98.4,2,Rejected
17.8,1,21.0,47.1,38.0,0,18.0,17.5,45.9,17.4,0,75.0,2,Rejected
72.7,1,27.0,6.0,13.8,1,750.2,5.79,0.3,54.0,0,8.9,0,Verified
71.7,1,90.0,1.8,2.8,1,105.9,6.22,4.5,75.8,0,3.0,0,Verified
97.3,1,59.0,17.2,6.8,1,658.9,1.91,0.3,59.3,0,0.0,0,Verified
88.0,1,120.0,7.1,39.1,1,424.3,6.77,5.9,50.1,0,14.2,0,Verified
40.9,1,10.0,14.6,61.3,1,4.9,14.03,32.6,25.6,0,32.7,0,Verified
74.4,1,160.0,15.5,0.0,1,121.2,6.01,6.6,39.5,0,8.5,0,Verified
87.4,1,182.0,0.0,0.0,1,577.7,0.51,1.4,51.5,0,5.5,0,Verified
41.2,1,1.0,56.1,18.1,0,46.5,33.06,9.4,0.0,1,67.3,2,Rejected
72.5,1,40.0,21.9,22.7,1,554.6,2.64,5.6,40.3,0,6.8,0,Verified
41.2,1,178.0,0.0,5.8,1,921.2,5.97,0.0,68.8,0,12.8,0,Verified
89.3,1,181.0,0.0,24.3,1,674.8,7.38,0.9,46.4,0,10.2,0,Verified
64.9,1,111.0,16.2,12.7,0,781.8,7.7,7.2,73.1,0,32.6,0,Verified
53.8,0,170.0,7.0,10.0,1,233.1,0.5,1.5,72.6,0,23.6,0,Verified
43.0,0,23.0,71.1,14.4,1,5.4,18.88,10.0,11.8,1,74.3,2,Rejected
93.4,1,26.0,6.9,5.6,1,122.5,5.13,0.5,37.0,0,0.8,0,Verified
30.6,0,13.0,76.9,96.7,0,3.9,0.27,23.3,7.2,1,100.0,2,Rejected
78.8,1,188.0,2.5,20.0,1,872.7,6.15,0.2,54.7,0,20.0,0,Verified
100.0,1,43.0,24.8,11.6,1,262.0,8.62,3.8,71.0,0,14.7,0,Verified
90.9,1,110.0,0.0,34.9,1,709.0,6.35,1.2,60.8,0,6.3,0,Verified
100.0,1,112.0,14.4,20.3,0,684.1,4.81,1.9,64.7,0,30.0,0,Verified
27.6,0,36.0,100.0,47.3,0,5.6,6.31,0.6,48.8,1,89.3,2,Rejected
6.9,1,0.0,52.6,59.2,0,49.6,0.3,5.3,23.7,0,49.8,1,Flagged for Review
35.3,1,18.0,76.9,40.5,0,61.1,40.37,29.2,27.2,1,58.7,1,Flagged for Review
53.0,0,0.0,61.3,32.6,0,16.5,19.66,29.7,10.4,1,90.9,2,Rejected
78.5,0,46.0,0.1,15.4,1,703.0,3.43,3.2,55.5,0,17.3,0,Verified
90.8,1,120.0,3.9,1.0,1,1.0,2.89,0.6,47.1,0,20.8,0,Verified
45.2,0,0.0,93.7,55.2,1,10.9,0.0,13.4,48.7,1,71.0,2,Rejected
90.7,1,149.0,10.3,15.5,1,478.9,2.79,4.0,72.8,0,12.2,0,Verified
91.8,1,74.0,0.0,35.8,1,1.0,5.94,2.6,76.7,0,22.5,0,Verified
100.0,1,54.0,27.5,40.7,1,189.8,3.78,0.4,41.3,0,26.4,0,Verified
77.6,1,97.0,4.7,21.2,1,1.0,0.0,3.5,61.3,0,29.5,0,Verified
52.8,1,21.0,56.7,66.0,1,10.6,19.05,31.7,31.9,1,64.3,1,Flagged for Review
85.4,1,139.0,12.6,0.6,1,562.8,5.32,4.9,82.1,0,9.8,0,Verified
70.8,1,142.0,16.3,22.9,1,470.8,0.22,1.1,27.8,0,5.7,0,Verified
100.0,1,150.0,29.6,14.5,1,464.0,3.25,0.4,54.9,0,9.9,0,Verified
17.1,0,8.0,46.2,32.4,0,17.7,18.28,12.6,29.4,1,97.0,2,Rejected
74.1,1,115.0,18.3,32.8,1,711.3,6.83,9.9,83.6,0,15.5,0,Verified
16.0,1,21.0,65.4,17.4,0,24.7,22.38,71.5,10.0,1,78.4,2,Rejected
44.3,0,12.0,67.8,49.1,0,23.1,22.19,5.1,28.9,0,73.3,2,Rejected
79.8,1,46.0,17.9,9.2,0,664.5,7.47,9.9,80.8,0,22.1,0,Verified
73.0,0,143.0,19.3,21.9,1,162.3,3.71,0.5,46.5,0,16.1,0,Verified
100.0,1,166.0,0.0,18.7,1,479.4,6.37,4.0,31.6,0,5.3,0,Verified
46.0,0,6.0,100.0,79.1,0,67.5,18.99,33.4,17.8,0,82.4,2,Rejected
82.5,1,147.0,0.0,21.1,1,278.2,5.46,5.2,29.2,0,1.0,0,Verified
21.1,0,0.0,85.1,42.8,0,18.5,0.0,51.7,15.3,0,81.9,2,Rejected
46.6,0,1.0,55.9,71.0,1,45.3,2.65,19.6,29.1,0,31.3,0,Verified
88.7,0,73.0,29.2,10.6,1,393.7,4.03,2.9,29.0,0,18.3,0,Verified
67.2,1,116.0,6.9,5.4,1,385.6,1.48,1.5,58.6,0,0.0,0,Verified
93.5,1,85.0,9.7,22.7,1,556.1,4.53,0.1,39.7,0,4.5,0,Verified
68.5,1,82.0,24.3,15.4,1,625.0,4.45,3.9,59.9,0,12.4,0,Verified
91.7,1,129.0,7.0,33.2,1,436.4,5.71,3.1,87.4,1,12.1,0,Verified
97.5,1,38.0,0.0,9.0,1,711.2,7.08,1.7,52.2,0,0.0,0,Verified
36.9,0,34.0,37.8,63.1,1,8.2,0.0,5.6,13.7,0,56.1,1,Flagged for Review
85.5,1,111.0,23.7,26.5,1,1.0,3.32,1.2,60.8,0,21.7,0,Verified
78.8,1,109.0,10.7,10.9,1,54.7,2.59,4.1,72.2,0,6.1,0,Verified
29.0,1,22.0,60.6,61.1,0,60.8,1.48,24.1,16.3,0,61.7,1,Flagged for Review
100.0,1,194.0,17.4,18.5,1,355.8,4.48,5.1,66.5,0,0.0,0,Verified
72.2,1,115.0,3.6,0.0,1,462.7,3.72,4.3,63.7,0,9.1,0,Verified
41.7,1,0.0,92.4,59.4,0,46.6,30.59,14.7,6.5,0,62.2,1,Flagged for Review
41.3,0,24.0,64.0,46.2,1,10.3,0.55,17.3,15.8,1,70.0,2,Rejected
70.9,1,145.0,3.3,23.4,1,429.7,4.96,0.3,46.1,0,0.0,0,Verified
4.3,1,0.0,62.4,84.4,0,11.9,26.92,8.4,28.0,0,69.9,2,Rejected
61.8,1,113.0,20.2,4.0,1,516.2,9.47,0.3,69.1,0,13.4,0,Verified
75.2,1,105.0,18.6,4.9,0,572.5,3.98,12.1,29.4,0,29.0,0,Verified
80.8,1,156.0,3.8,1.9,1,269.8,4.54,6.2,56.4,0,4.9,0,Verified
85.4,1,51.0,25.7,32.9,1,180.3,3.45,2.3,79.1,0,10.2,0,Verified
95.3,1,7.0,21.0,11.9,1,1102.8,0.19,1.3,64.0,0,6.3,0,Verified
32.3,1,16.0,84.7,22.2,1,4.0,16.03,19.4,12.9,0,43.8,1,Flagged for Review
79.3,1,131.0,28.3,18.6,1,242.2,11.05,4.0,48.7,0,11.5,0,Verified
79.2,1,117.0,0.0,18.8,1,603.7,3.89,4.2,77.8,0,3.0,0,Verified
56.6,0,16.0,91.7,50.1,0,34.4,22.17,40.9,12.8,0,63.6,1,Flagged for Review
99.8,1,130.0,0.0,4.2,1,137.7,4.32,4.9,69.0,0,5.2,0,Verified
83.8,1,85.0,0.6,0.0,1,545.6,5.21,3.1,94.5,0,0.0,0,Verified
75.4,1,5.0,13.2,16.8,1,198.2,2.16,0.1,64.8,0,12.0,0,Verified
68.1,1,99.0,4.3,8.5,1,829.9,3.85,1.1,50.7,0,10.4,0,Verified
61.8,1,156.0,30.7,12.2,1,548.6,7.54,2.1,52.1,0,10.5,0,Verified
91.3,1,92.0,29.0,0.0,1,348.0,5.32,0.6,46.4,0,13.3,0,Verified
90.1,0,111.0,9.9,8.3,1,448.4,8.18,0.5,43.3,0,11.4,0,Verified
90.1,1,129.0,29.6,25.4,1,654.9,5.91,0.0,57.1,0,7.5,0,Verified
80.2,1,64.0,24.9,28.9,1,468.3,2.28,7.3,67.2,0,5.1,0,Verified
100.0,1,138.0,5.5,20.6,1,971.7,3.56,0.2,84.0,0,4.1,0,Verified
75.2,1,184.0,0.0,0.0,1,715.3,5.62,1.4,19.8,0,6.0,0,Verified
28.0,1,9.0,75.5,28.4,0,24.5,0.8,119.2,24.9,1,72.4,2,Rejected
81.5,1,59.0,3.6,20.7,1,176.4,1.87,4.1,84.3,0,6.2,0,Verified
73.5,1,107.0,12.1,10.6,1,381.8,2.02,3.7,56.0,0,7.8,0,Verified
65.6,0,9.0,67.8,50.6,1,4.3,3.73,84.7,24.7,0,55.8,1,Flagged for Review
87.7,1,125.0,10.6,23.4,1,206.1,4.08,2.9,64.0,0,13.1,0,Verified
7.0,1,4.0,75.5,59.5,0,10.2,0.12,18.5,15.0,0,81.3,2,Rejected
42.4,1,9.0,43.4,40.1,1,0.8,0.0,17.7,22.0,0,34.5,0,Verified
81.5,1,101.0,14.1,12.8,0,254.3,0.0,3.0,63.9,0,25.1,0,Verified
47.5,0,4.0,91.2,78.8,1,10.3,0.0,10.0,26.8,0,59.8,1,Flagged for Review
98.6,1,71.0,12.0,10.5,0,613.4,9.12,3.5,48.6,0,20.8,0,Verified
92.1,0,94.0,19.6,11.8,1,210.7,5.09,0.3,52.4,0,12.7,0,Verified
83.6,1,41.0,0.0,30.9,1,1.0,1.57,5.9,41.0,0,18.6,0,Verified
74.1,1,31.0,15.7,48.3,0,9.7,0.84,17.1,28.3,1,56.0,1,Flagged for Review
24.9,0,0.0,62.4,65.1,0,7.5,0.88,7.8,3.7,0,78.6,2,Rejected
82.4,0,123.0,4.9,9.6,1,142.2,2.98,2.6,33.9,0,20.8,0,Verified
77.8,1,82.0,19.0,0.0,1,223.7,8.85,4.5,62.3,0,0.0,0,Verified
80.9,1,114.0,2.8,12.0,1,866.4,6.64,2.0,80.9,0,0.0,0,Verified
35.1,0,5.0,44.4,56.9,0,16.9,17.65,23.2,8.9,0,84.8,2,Rejected
84.9,1,95.0,2.9,28.2,1,387.9,7.92,1.0,41.3,0,4.7,0,Verified
75.2,1,114.0,20.9,29.7,1,303.8,2.69,0.4,35.0,0,20.6,0,Verified
100.0,1,112.0,5.1,8.5,1,99.5,1.38,0.6,80.7,0,0.0,0,Verified
25.3,1,0.0,35.1,59.3,1,33.2,21.28,4.5,6.1,1,50.6,1,Flagged for Review
65.4,0,105.0,29.8,8.2,1,81.7,6.92,6.1,61.7,0,27.0,0,Verified
81.3,1,94.0,9.3,0.0,1,668.5,7.84,4.3,44.8,0,0.0,0,Verified
67.4,1,102.0,21.1,9.4,1,446.2,4.01,0.7,78.6,0,20.6,0,Verified
17.4,0,0.0,52.8,89.0,1,43.2,0.0,28.6,3.5,0,52.0,1,Flagged for Review
86.1,1,94.0,20.3,20.7,1,235.7,1.11,2.0,40.7,0,12.3,0,Verified
95.4,1,201.0,9.8,0.0,1,196.7,2.33,1.6,66.1,0,0.0,0,Verified
28.3,0,4.0,60.0,50.0,1,5.3,0.0,4.0,0.0,0,69.2,2,Rejected
82.5,1,97.0,0.0,3.3,1,695.1,5.66,1.5,79.5,0,4.9,0,Verified
62.9,1,93.0,2.2,26.2,1,520.0,9.85,6.0,63.5,1,37.5,1,Flagged for Review
52.1,0,0.0,73.4,54.4,0,11.5,23.15,16.0,11.6,0,87.1,2,Rejected
43.3,0,3.0,85.5,72.4,0,18.8,28.14,6.7,0.6,0,91.5,2,Rejected
88.9,1,123.0,1.9,10.5,1,401.3,3.26,8.2,30.3,0,0.0,0,Verified
35.9,1,27.0,62.4,39.7,1,0.6,18.24,22.0,29.6,1,55.6,1,Flagged for Review
87.8,1,157.0,0.0,19.1,1,717.2,5.97,1.5,31.8,0,2.8,0,Verified
0.0,0,19.0,61.0,41.4,1,34.8,6.76,27.5,0.0,0,51.6,1,Flagged for Review
78.0,1,54.0,11.4,5.3,1,116.9,3.83,2.3,70.2,0,7.3,0,Verified
39.8,0,0.0,61.1,32.3,0,25.3,2.97,23.2,4.6,1,85.7,2,Rejected
66.8,1,66.0,16.7,15.0,1,216.8,10.26,6.1,65.0,0,9.6,0,Verified
69.8,1,99.0,0.0,18.4,1,1.0,4.13,8.3,61.8,1,33.7,0,Verified
83.4,1,226.0,1.9,0.0,1,190.8,4.06,5.7,56.5,0,0.0,0,Verified
97.5,1,134.0,23.7,0.0,1,282.8,4.1,1.5,56.0,0,9.9,0,Verified
66.5,0,36.0,53.4,59.7,0,5.7,23.02,20.2,0.0,1,91.0,2,Rejected
78.7,1,79.0,21.9,16.1,1,569.6,4.1,4.0,82.9,0,14.9,0,Verified
32.0,0,25.0,88.5,74.3,0,16.9,14.2,52.6,3.7,1,100.0,2,Rejected
33.5,1,11.0,44.8,16.7,1,10.3,19.7,39.5,18.7,0,31.2,0,Verified
26.0,0,20.0,90.3,36.2,0,25.9,19.99,3.4,0.0,1,94.6,2,Rejected
61.0,0,104.0,0.3,28.5,1,656.4,5.82,3.9,66.7,0,30.1,0,Verified
99.9,1,78.0,4.3,0.0,1,88.1,7.18,0.4,62.0,0,5.6,0,Verified
72.7,1,60.0,12.0,18.5,1,1.0,10.49,2.4,61.4,0,11.5,0,Verified
92.1,1,122.0,15.1,11.6,1,741.7,1.78,13.0,28.3,0,8.8,0,Verified
47.6,1,24.0,3.8,98.6,0,8.7,0.0,0.2,37.7,1,65.4,2,Rejected
91.4,1,148.0,9.8,2.5,1,876.8,0.0,1.1,69.1,0,0.0,0,Verified
91.4,0,136.0,4.1,12.7,1,566.8,2.23,7.0,35.2,0,24.0,0,Verified
87.4,1,88.0,3.5,0.0,1,625.5,0.58,0.4,30.0,0,3.0,0,Verified
40.1,1,0.0,80.1,14.0,1,19.2,0.0,19.7,0.0,1,63.4,1,Flagged for Review
85.5,1,124.0,4.5,19.2,1,449.3,4.43,4.5,46.4,0,0.0,0,Verified
65.4,1,116.0,23.8,0.0,1,452.3,6.17,1.5,61.7,0,3.0,0,Verified
44.1,0,21.0,95.7,40.9,0,2.3,1.0,74.7,2.2,1,89.1,2,Rejected
24.7,1,9.0,100.0,28.0,0,11.0,0.0,97.5,15.3,1,99.0,2,Rejected
93.2,1,113.0,5.1,21.0,1,230.7,5.29,1.4,48.0,0,0.0,0,Verified
82.2,1,220.0,0.4,4.0,1,572.3,2.42,3.7,56.9,0,13.1,0,Verified
20.1,1,5.0,20.0,35.0,0,4.7,20.32,30.6,20.4,0,47.3,1,Flagged for Review
91.0,1,82.0,8.5,18.1,1,763.1,6.46,4.0,63.4,0,0.0,0,Verified
4.0,1,15.0,61.1,44.5,0,14.7,14.76,25.7,0.0,1,88.0,2,Rejected
49.5,1,88.0,0.0,4.1,1,731.5,11.34,2.6,60.4,0,4.1,0,Verified
93.0,1,208.0,9.6,2.4,1,721.5,7.34,10.3,19.3,0,11.9,0,Verified
81.7,1,92.0,6.0,5.7,1,398.1,8.64,3.9,55.0,0,0.0,0,Verified
98.8,1,151.0,16.9,18.9,1,392.3,6.15,7.4,43.9,0,4.5,0,Verified
66.7,1,93.0,16.7,26.7,1,100.3,5.76,0.8,82.3,0,7.8,0,Verified
44.6,1,9.0,54.0,35.8,1,2.4,0.0,5.2,31.2,0,41.6,1,Flagged for Review
85.9,0,146.0,0.0,0.0,1,293.9,4.74,2.7,57.1,0,15.2,0,Verified
86.1,1,84.0,14.0,40.1,1,508.4,6.52,7.7,47.3,0,12.4,0,Verified
58.3,0,81.0,2.7,9.9,1,486.1,3.7,2.1,45.0,0,24.6,0,Verified
14.2,0,0.0,66.9,63.0,1,47.5,0.93,18.5,0.0,0,55.3,1,Flagged for Review
25.3,0,1.0,74.2,73.1,0,6.7,27.78,6.1,29.1,1,95.1,2,Rejected
28.0,0,30.0,44.0,35.8,1,0.7,17.43,65.3,11.3,0,54.3,1,Flagged for Review
92.2,1,145.0,6.3,23.5,1,302.0,2.6,0.7,19.5,0,9.7,0,Verified
72.9,1,131.0,25.7,15.6,1,396.7,5.08,1.9,66.4,0,7.3,0,Verified
52.7,1,201.0,15.5,32.9,1,697.0,6.25,6.7,53.5,0,16.0,0,Verified
79.6,1,112.0,6.1,8.1,1,478.5,6.46,0.6,54.1,0,11.6,0,Verified
78.3,0,136.0,21.6,8.8,0,617.2,6.93,1.0,60.4,0,42.3,1,Flagged for Review
23.9,0,1.0,75.9,45.5,0,6.6,12.96,49.7,9.0,1,100.0,2,Rejected
80.4,1,73.0,0.7,17.6,1,337.8,6.22,1.2,59.8,0,0.0,0,Verified
85.7,1,56.0,28.6,14.7,1,159.5,3.78,9.8,73.0,0,13.2,0,Verified
79.9,1,167.0,12.6,0.0,1,488.8,0.07,0.9,55.8,0,3.1,0,Verified
64.3,1,0.0,10.2,15.8,0,441.8,6.33,1.8,36.4,0,30.8,0,Verified
88.8,1,92.0,1.4,7.5,1,657.9,5.75,0.3,53.4,0,6.4,0,Verified
54.7,1,0.0,21.8,5.0,1,380.8,7.53,14.6,75.8,0,5.0,0,Verified
27.8,0,11.0,50.5,47.1,1,25.3,26.22,15.1,0.0,1,73.9,2,Rejected
41.0,0,16.0,67.1,64.1,0,1.8,31.15,9.1,0.0,0,83.3,2,Rejected
89.1,1,172.0,4.9,0.0,1,181.1,4.77,0.5,66.2,0,8.6,0,Verified
81.2,1,128.0,18.3,0.0,1,796.2,7.22,10.5,61.1,0,3.4,0,Verified
62.5,1,73.0,19.1,33.0,1,716.3,6.19,7.9,41.1,0,14.0,0,Verified
72.1,0,158.0,3.3,18.7,1,104.6,4.63,1.7,50.8,0,18.7,0,Verified
33.1,0,0.0,48.7,82.0,1,20.0,0.23,32.8,0.8,0,59.0,1,Flagged for Review
0.0,0,0.0,69.2,41.0,0,2.1,0.0,5.9,26.1,0,73.8,2,Rejected
71.7,1,56.0,0.0,0.0,1,676.2,6.19,1.6,66.6,0,0.8,0,Verified
91.1,1,65.0,11.5,3.3,1,238.9,0.84,0.4,47.7,0,3.4,0,Verified
53.3,0,27.0,65.6,63.0,0,33.0,0.0,26.5,6.7,1,93.1,2,Rejected
76.1,1,112.0,22.2,23.3,1,1.0,5.1,1.9,45.4,1,38.0,1,Flagged for Review
32.7,0,2.0,81.9,27.4,0,5.6,15.36,19.8,28.6,1,90.5,2,Rejected
55.2,0,179.0,21.1,13.9,1,541.9,6.54,2.4,85.4,0,23.2,0,Verified
69.8,1,9.0,42.3,28.5,1,6.4,16.42,14.8,0.0,0,35.4,1,Flagged for Review
70.7,1,0.0,20.0,8.1,1,201.6,5.75,2.0,32.9,0,9.5,0,Verified
71.7,1,0.0,56.9,57.5,0,3.3,1.74,2.3,17.6,1,83.9,2,Rejected
78.5,1,45.0,0.0,7.4,1,994.8,3.47,0.1,59.6,0,4.0,0,Verified
44.6,0,18.0,65.0,64.4,0,34.1,0.0,78.2,2.9,1,83.0,2,Rejected
42.4,0,15.0,49.1,87.8,1,0.5,12.35,45.4,14.7,0,60.2,1,Flagged for Review
90.8,0,80.0,10.7,0.0,1,878.5,3.27,3.1,52.6,0,7.6,0,Verified
78.1,1,48.0,10.6,19.9,1,14.0,4.01,9.5,48.8,0,26.6,0,Verified
79.8,0,119.0,17.9,3.1,1,340.8,5.06,2.9,60.5,0,14.4,0,Verified
51.9,0,0.0,68.7,28.9,0,11.1,16.64,34.9,2.1,0,84.1,2,Rejected
70.2,1,126.0,0.0,20.6,1,920.2,6.64,1.5,53.2,0,9.0,0,Verified
81.8,1,211.0,21.3,15.9,1,657.3,3.07,2.5,32.4,0,17.8,0,Verified
81.1,1,50.0,0.0,23.6,1,299.4,5.38,2.4,45.7,0,5.2,0,Verified
69.1,0,2.0,50.6,83.4,0,76.0,0.0,15.5,31.7,0,52.9,1,Flagged for Review
83.2,1,0.0,22.1,3.0,1,680.6,6.54,5.8,64.1,0,13.6,0,Verified
33.8,0,11.0,60.6,42.2,1,12.1,3.65,21.9,1.4,1,70.0,2,Rejected
54.0,1,0.0,70.5,79.1,1,6.0,0.0,5.1,0.0,0,60.6,1,Flagged for Review
67.3,1,142.0,18.8,1.0,1,63.9,2.52,5.3,28.3,0,12.3,0,Verified
0.9,1,4.0,64.2,79.3,0,30.0,0.31,15.7,13.1,0,76.4,2,Rejected
65.4,1,150.0,0.0,3.8,1,547.1,8.14,2.1,43.4,0,0.0,0,Verified
90.2,1,225.0,12.7,36.4,1,97.2,3.44,7.0,44.7,0,15.2,0,Verified
90.7,1,187.0,8.2,7.0,1,688.2,3.38,8.6,59.8,0,0.0,0,Verified
55.2,1,86.0,0.0,26.8,1,564.2,5.11,1.4,48.9,0,0.0,0,Verified
29.0,0,10.0,38.6,77.5,1,15.9,0.81,102.7,0.0,0,65.4,2,Rejected
73.1,0,16.0,73.9,45.5,0,7.3,9.27,20.8,0.0,1,90.6,2,Rejected
71.4,1,67.0,6.4,22.8,1,466.5,4.38,0.4,41.3,0,14.8,0,Verified
79.4,0,22.0,56.0,26.2,0,15.9,0.0,0.6,19.8,0,68.8,2,Rejected
72.8,1,57.0,14.7,16.7,1,381.5,8.18,8.1,52.2,0,9.7,0,Verified
40.9,0,0.0,70.3,37.8,0,5.2,0.4,10.6,3.8,0,87.6,2,Rejected
4.7,0,0.0,54.3,72.3,0,9.3,0.25,24.1,22.7,0,78.7,2,Rejected
91.6,1,105.0,16.5,32.6,1,699.5,6.09,5.1,45.8,0,6.6,0,Verified
11.6,0,16.0,64.1,77.7,1,0.8,23.43,5.7,30.2,0,59.2,1,Flagged for Review
98.3,1,163.0,18.8,16.2,1,676.2,3.75,0.2,38.6,0,7.4,0,Verified
89.4,1,25.0,10.4,15.4,0,729.7,5.16,0.6,30.7,0,8.9,0,Verified
51.5,1,95.0,0.9,0.8,1,380.7,6.69,0.5,42.3,0,10.5,0,Verified
18.3,0,9.0,78.2,42.0,1,2.5,0.0,2.4,23.9,0,64.3,1,Flagged for Review
22.8,0,22.0,100.0,71.5,0,4.3,17.03,65.4,11.5,0,92.0,2,Rejected
24.2,0,0.0,52.1,49.0,0,15.8,22.82,22.4,12.5,0,76.6,2,Rejected
45.3,1,137.0,5.2,0.0,1,320.7,7.98,7.5,37.9,0,11.6,0,Verified
100.0,1,108.0,18.0,30.7,1,615.2,5.7,9.4,19.9,0,26.7,0,Verified
12.9,0,0.0,45.8,45.5,0,29.0,0.0,9.6,11.0,0,81.9,2,Rejected
84.1,1,92.0,11.1,38.0,0,673.6,7.65,0.8,88.4,0,31.6,0,Verified
59.4,0,19.0,51.6,74.8,1,47.0,20.22,10.4,13.8,0,43.3,1,Flagged for Review
100.0,0,145.0,17.6,17.4,1,717.4,6.57,0.5,56.8,0,9.7,0,Verified
94.2,1,81.0,0.0,5.0,1,934.7,4.35,0.5,26.7,0,1.8,0,Verified
95.3,1,148.0,4.3,0.0,1,396.4,4.32,1.2,55.5,0,1.8,0,Verified
83.8,1,111.0,22.6,18.3,0,466.1,1.74,8.9,52.8,0,18.1,0,Verified
80.0,1,87.0,11.4,11.1,1,503.4,2.98,9.8,17.3,0,10.6,0,Verified
24.4,0,0.0,80.5,40.2,0,11.3,0.0,22.3,0.0,1,100.0,2,Rejected
70.4,1,77.0,1.8,0.0,1,561.0,1.99,3.6,34.9,0,3.3,0,Verified
13.0,1,0.0,53.7,54.7,0,19.2,2.29,41.7,0.0,0,57.3,1,Flagged for Review
63.1,1,120.0,19.9,33.9,1,473.3,4.77,1.9,42.0,0,24.2,0,Verified
80.9,1,83.0,10.2,38.6,1,61.9,4.85,2.3,64.2,0,5.3,0,Verified
58.4,1,134.0,34.8,14.5,1,169.7,5.96,3.0,43.6,1,27.6,0,Verified
84.7,1,135.0,18.2,13.8,1,610.6,3.83,3.9,75.7,0,14.4,0,Verified
81.5,1,162.0,7.6,8.0,1,368.2,6.11,0.3,48.5,0,1.0,0,Verified
84.1,1,153.0,1.8,0.8,1,601.4,7.86,0.8,60.9,0,0.0,0,Verified
74.7,1,132.0,0.3,28.5,1,362.6,8.17,9.9,64.0,0,9.4,0,Verified
22.3,1,11.0,55.1,61.4,0,15.9,0.0,26.2,6.3,0,76.7,2,Rejected
44.2,0,5.0,46.5,47.0,0,24.2,3.87,13.4,20.2,0,63.9,1,Flagged for Review
0.0,0,0.0,76.8,49.9,0,33.8,0.0,0.4,17.2,0,75.1,2,Rejected
23.3,0,7.0,91.7,33.9,1,20.9,0.0,29.2,3.2,0,57.9,1,Flagged for Review
73.5,1,129.0,16.3,7.0,1,1.0,2.07,0.3,86.0,0,14.3,0,Verified
16.8,0,19.0,72.0,16.7,0,50.2,31.75,2.2,33.7,1,72.5,2,Rejected
63.2,1,104.0,3.3,0.0,0,190.4,2.85,3.1,61.9,0,30.1,0,Verified
21.6,1,2.0,27.7,24.1,0,25.3,0.0,4.4,22.6,1,68.5,2,Rejected
40.8,1,0.0,51.6,76.2,1,1.4,0.1,23.6,0.0,0,56.8,1,Flagged for Review
95.5,0,78.0,21.2,10.3,1,149.1,0.68,0.3,65.7,0,26.4,0,Verified
95.9,1,98.0,14.7,22.7,1,54.5,8.32,0.1,37.1,0,12.3,0,Verified
100.0,1,5.0,10.5,13.8,1,820.9,3.61,5.9,96.9,0,0.0,0,Verified
70.1,0,188.0,3.0,26.6,1,243.7,7.46,4.3,21.0,0,17.4,0,Verified
88.7,1,62.0,9.1,0.0,1,1.0,3.77,3.3,27.7,0,20.8,0,Verified
0.0,1,9.0,44.8,70.9,1,5.6,0.5,9.8,2.5,1,68.9,2,Rejected
75.4,1,105.0,20.3,11.1,1,127.6,7.94,0.8,35.4,0,0.0,0,Verified
71.2,1,106.0,1.1,0.0,1,189.9,5.22,5.0,64.4,0,1.2,0,Verified
100.0,1,146.0,7.4,0.0,1,604.7,9.72,0.5,87.4,1,2.8,0,Verified
27.3,0,0.0,64.5,50.1,0,7.1,2.36,46.0,14.6,0,79.7,2,Rejected
90.9,1,121.0,16.6,23.4,1,120.3,3.89,2.6,59.2,0,4.1,0,Verified
37.8,0,13.0,55.7,39.6,1,7.8,0.0,14.3,0.0,0,54.2,1,Flagged for Review
0.0,0,11.0,61.1,34.7,0,7.1,17.51,7.3,30.3,0,81.5,2,Rejected
50.4,1,13.0,46.3,51.3,0,16.5,0.0,29.2,0.0,0,56.4,1,Flagged for Review
80.3,1,89.0,0.0,0.0,1,1.0,13.34,1.0,51.2,0,10.6,0,Verified
67.1,1,158.0,22.8,0.0,1,130.1,4.3,3.4,58.4,0,2.6,0,Verified
81.9,0,160.0,8.4,7.7,1,432.3,1.83,4.9,41.7,0,22.0,0,Verified
58.4,1,159.0,0.0,0.0,1,356.5,2.49,0.1,33.4,0,13.0,0,Verified
66.3,1,80.0,5.2,0.0,1,334.9,4.31,1.4,55.5,0,8.3,0,Verified
29.3,0,0.0,60.4,65.1,1,9.5,3.32,177.0,18.4,0,64.3,1,Flagged for Review
90.5,1,121.0,4.7,22.5,1,54.5,4.53,2.5,44.3,0,0.0,0,Verified
76.5,1,48.0,10.2,21.5,1,942.0,8.92,0.4,41.2,0,10.0,0,Verified
26.5,0,0.0,47.5,27.2,1,4.9,0.0,58.8,5.6,1,62.9,1,Flagged for Review
67.6,1,109.0,8.0,26.9,1,587.0,7.71,2.4,63.2,0,10.7,0,Verified
76.8,1,123.0,0.6,0.0,1,421.6,5.97,7.7,88.8,0,1.5,0,Verified
91.0,1,84.0,7.0,17.4,1,432.1,5.95,5.1,79.9,0,1.8,0,Verified
95.0,1,50.0,24.1,5.6,1,403.9,6.88,0.6,33.5,0,6.6,0,Verified
75.0,1,83.0,26.9,3.0,1,128.7,3.58,0.4,51.6,0,13.6,0,Verified
65.9,1,120.0,0.0,18.7,1,26.2,3.61,5.9,30.4,0,30.6,0,Verified
85.7,1,140.0,20.9,0.0,1,520.4,5.87,2.3,21.9,0,9.6,0,Verified
70.5,1,117.0,12.5,0.0,1,468.8,9.85,0.1,94.5,0,20.6,0,Verified
24.3,0,5.0,75.4,72.4,1,7.7,0.44,2.5,0.0,0,68.5,2,Rejected
100.0,1,95.0,4.5,17.9,1,611.2,0.0,1.9,43.7,0,14.3,0,Verified
93.6,0,132.0,0.0,13.6,1,209.8,4.34,1.1,77.4,1,30.6,0,Verified
50.2,1,4.0,43.7,51.1,1,28.8,34.97,13.9,0.0,0,45.3,1,Flagged for Review
64.2,1,142.0,0.6,20.9,1,618.9,5.13,5.2,20.4,0,7.6,0,Verified
85.0,1,146.0,0.0,20.2,1,599.6,2.08,0.4,70.3,0,7.1,0,Verified
96.9,1,123.0,0.0,13.0,1,1004.8,5.2,1.3,46.2,0,5.0,0,Verified
48.4,0,14.0,67.4,37.3,0,69.2,10.45,8.5,0.4,0,56.3,1,Flagged for Review
100.0,1,63.0,11.4,6.9,1,599.4,6.57,5.5,100.0,0,7.5,0,Verified
100.0,1,130.0,17.8,22.1,1,567.0,4.23,4.5,83.5,0,0.0,0,Verified
20.6,0,0.0,53.3,37.3,0,18.4,7.75,13.5,1.1,0,82.4,2,Rejected
49.9,0,0.0,73.2,72.6,0,3.4,0.0,17.8,0.0,0,86.6,2,Rejected
90.2,0,185.0,9.3,9.0,1,271.8,5.51,1.5,20.4,0,23.2,0,Verified
33.7,1,0.0,75.4,57.2,0,5.7,14.11,89.0,0.0,0,68.4,2,Rejected
88.3,1,167.0,7.9,15.3,1,197.3,7.58,14.2,64.5,0,0.0,0,Verified
75.0,1,114.0,0.3,5.0,1,574.1,6.99,2.3,67.7,0,11.2,0,Verified
32.7,0,11.0,68.9,45.3,1,0.2,23.26,28.3,10.9,1,69.2,2,Rejected
85.3,1,107.0,20.8,26.3,1,197.4,4.42,4.1,61.9,0,3.3,0,Verified
63.9,1,74.0,1.8,33.5,1,426.7,2.3,0.4,70.4,0,12.1,0,Verified
80.0,1,180.0,22.8,4.7,1,759.3,1.83,4.8,13.2,0,16.0,0,Verified
97.4,1,146.0,11.1,0.0,1,441.4,6.34,0.5,49.3,0,3.5,0,Verified
51.3,1,133.0,12.4,10.4,0,442.5,3.95,2.3,38.7,0,34.6,0,Verified
17.2,1,17.0,48.6,55.3,0,31.8,0.0,7.9,14.6,0,61.7,1,Flagged for Review
97.7,1,19.0,0.0,23.9,1,539.4,3.33,6.7,79.8,0,3.5,0,Verified
75.6,1,136.0,11.4,12.7,1,334.0,5.93,0.7,44.0,0,8.1,0,Verified
64.5,0,0.0,56.6,40.1,0,19.4,0.29,16.0,29.9,0,64.3,1,Flagged for Review
82.0,1,110.0,3.3,0.0,1,147.2,10.43,8.2,57.1,0,3.6,0,Verified
30.4,1,0.0,54.0,40.3,1,8.9,0.0,6.6,49.2,1,46.0,1,Flagged for Review
95.8,1,140.0,17.3,19.2,1,245.5,1.38,6.5,50.9,0,11.5,0,Verified
27.2,0,27.0,49.4,86.4,1,0.9,0.0,52.8,54.0,1,77.1,2,Rejected
90.2,1,171.0,10.3,0.4,1,461.7,7.12,0.3,65.4,0,7.4,0,Verified
79.1,1,83.0,34.8,34.1,1,385.1,3.07,9.6,60.7,0,18.6,0,Verified
47.8,0,3.0,60.4,41.8,1,1.9,3.19,81.1,35.8,0,42.2,1,Flagged for Review
31.2,1,1.0,66.6,63.2,0,8.3,18.1,29.5,1.0,0,64.6,1,Flagged for Review
41.5,0,25.0,18.8,35.1,0,3.0,2.6,4.1,25.6,1,79.8,2,Rejected
96.6,1,69.0,17.1,2.5,1,150.8,2.29,0.7,47.5,0,4.5,0,Verified
36.7,0,0.0,82.1,84.6,1,30.8,11.39,11.4,14.1,0,57.6,1,Flagged for Review
63.3,1,160.0,6.1,22.0,1,38.6,4.8,0.1,41.2,0,11.3,0,Verified
76.6,1,131.0,21.2,5.4,1,456.5,6.97,0.7,36.7,0,10.1,0,Verified
2.4,1,1.0,100.0,82.6,1,46.0,33.2,4.4,19.4,0,58.9,1,Flagged for Review
85.4,1,104.0,10.7,13.2,1,291.2,6.4,9.2,75.4,0,5.7,0,Verified
99.5,0,201.0,17.8,18.2,1,386.8,3.77,2.0,42.1,0,4.9,0,Verified
44.3,1,7.0,84.8,48.9,0,2.3,5.67,0.5,0.0,0,76.8,2,Rejected
65.4,0,24.0,17.5,31.1,0,29.7,0.0,39.3,25.9,0,58.8,1,Flagged for Review
16.0,0,0.0,46.2,57.7,0,10.3,0.43,4.6,35.7,1,79.7,2,Rejected
62.5,1,144.0,18.0,13.9,1,749.0,9.47,0.2,75.8,0,4.3,0,Verified
79.3,1,89.0,22.0,6.5,1,1.0,5.36,0.4,58.2,0,25.8,0,Verified
96.8,0,133.0,8.9,0.0,1,908.1,3.01,6.8,38.4,0,19.0,0,Verified
81.3,1,95.0,25.3,15.6,1,600.0,4.06,1.6,44.8,0,0.0,0,Verified
89.0,0,142.0,25.3,9.4,1,446.7,0.0,0.3,70.5,0,20.8,0,Verified
77.5,1,118.0,18.5,15.7,1,188.2,8.59,0.4,63.7,0,8.1,0,Verified
67.6,0,132.0,4.8,1.3,1,306.1,8.34,6.4,71.6,0,16.5,0,Verified
24.4,0,0.0,46.2,92.9,1,3.2,23.88,9.6,27.1,0,57.3,1,Flagged for Review
13.9,1,0.0,44.6,0.0,1,4.2,0.4,6.3,14.0,1,52.3,1,Flagged for Review
59.5,0,38.0,8.4,70.2,0,22.7,17.39,2.1,14.4,0,72.2,2,Rejected
29.8,0,2.0,56.1,51.5,0,7.1,14.11,1.5,22.3,0,67.3,2,Rejected
68.8,1,123.0,16.8,32.9,1,178.2,0.76,0.1,60.0,0,17.5,0,Verified
97.7,1,96.0,0.0,21.4,1,470.8,4.6,2.6,30.1,0,9.4,0,Verified
0.0,0,5.0,100.0,92.6,0,3.9,0.0,5.8,18.3,1,100.0,2,Rejected
40.4,0,6.0,56.9,72.1,1,17.2,0.11,8.9,0.0,0,56.0,1,Flagged for Review
100.0,0,104.0,23.3,55.2,1,805.2,5.87,1.0,62.2,0,23.6,0,Verified
80.9,0,145.0,21.4,12.5,1,428.6,7.45,1.1,62.8,0,28.0,0,Verified
7.6,0,10.0,67.7,58.2,0,4.7,0.27,63.1,4.2,1,97.6,2,Rejected
52.8,1,86.0,24.6,24.2,1,594.3,9.61,2.3,72.4,0,13.2,0,Verified
53.2,0,12.0,75.9,46.5,0,5.3,0.53,1.6,0.0,1,96.1,2,Rejected
37.1,0,0.0,76.5,48.6,1,15.5,21.74,77.5,27.4,0,58.0,1,Flagged for Review
100.0,1,63.0,0.0,7.0,1,129.3,7.31,10.5,67.1,0,4.2,0,Verified
83.6,1,127.0,0.0,6.0,1,338.6,7.43,0.6,45.3,0,3.6,0,Verified
45.9,1,0.0,65.2,80.3,0,6.1,20.09,19.8,9.4,0,71.4,2,Rejected
50.9,1,130.0,10.7,9.8,1,352.0,8.57,0.3,73.2,0,13.0,0,Verified
65.2,1,108.0,4.4,15.8,1,388.3,3.87,3.5,39.3,0,0.0,0,Verified
94.4,1,113.0,8.2,30.8,1,580.8,6.15,0.3,67.5,0,18.3,0,Verified
86.0,1,69.0,14.9,6.3,1,674.0,8.3,0.8,86.0,0,4.9,0,Verified
79.9,1,155.0,7.0,8.3,1,464.1,0.0,3.1,66.8,0,6.8,0,Verified
89.9,1,58.0,0.0,14.1,1,722.7,6.09,1.0,53.5,0,16.2,0,Verified
100.0,1,60.0,9.5,9.3,1,109.6,6.81,2.3,30.9,0,0.0,0,Verified
32.5,0,1.0,77.3,94.2,0,11.0,0.0,3.4,11.9,1,100.0,2,Rejected
36.9,0,0.0,61.1,54.9,0,66.6,1.86,32.4,23.4,0,64.4,1,Flagged for Review
12.4,1,11.0,35.6,100.0,1,0.5,15.05,18.8,20.4,0,49.9,1,Flagged for Review
100.0,1,142.0,7.3,29.3,1,91.8,5.99,0.1,73.4,0,9.7,0,Verified
65.3,0,0.0,39.4,67.7,0,7.3,25.93,23.7,8.9,0,68.2,2,Rejected
91.6,1,147.0,24.3,0.0,1,209.2,2.63,0.7,60.2,0,0.0,0,Verified
80.4,1,96.0,4.2,12.4,1,420.6,7.77,0.1,49.3,0,0.0,0,Verified
30.8,0,3.0,65.8,66.2,0,33.8,3.47,7.7,25.7,1,85.0,2,Rejected
72.8,1,11.0,9.5,6.7,1,334.4,5.67,1.0,47.3,0,1.4,0,Verified
81.3,0,98.0,21.5,0.0,1,520.1,8.29,0.3,47.2,0,7.2,0,Verified
92.0,1,163.0,5.1,28.4,0,306.4,2.71,6.0,65.4,0,26.0,0,Verified
10.2,1,0.0,52.2,58.3,1,7.3,36.59,53.3,2.4,0,56.1,1,Flagged for Review
93.3,1,142.0,22.1,31.8,1,1083.5,3.76,5.9,74.5,0,10.4,0,Verified
70.1,1,67.0,2.3,25.4,1,317.9,4.32,5.2,60.1,0,12.4,0,Verified
76.1,1,115.0,3.2,4.2,1,544.8,10.39,0.3,45.9,0,11.8,0,Verified
75.7,1,142.0,17.1,0.0,1,523.6,6.14,0.1,40.3,0,10.5,0,Verified
56.9,1,80.0,11.5,9.7,1,456.1,5.78,0.2,44.1,0,9.3,0,Verified
77.4,1,118.0,3.1,10.7,1,589.8,6.31,2.7,57.9,0,2.3,0,Verified
92.3,1,91.0,6.5,16.2,1,544.5,6.08,3.3,48.3,0,9.5,0,Verified
64.2,1,142.0,9.3,2.7,1,297.5,0.44,2.9,35.6,0,9.3,0,Verified
44.7,1,11.0,64.2,12.8,0,5.1,1.03,8.2,3.8,0,57.9,1,Flagged for Review
88.8,1,113.0,17.7,15.2,1,472.4,1.34,0.6,57.7,0,15.3,0,Verified
71.7,1,180.0,5.2,7.9,1,320.0,9.33,5.5,59.9,0,8.0,0,Verified
80.0,1,140.0,0.0,3.5,1,1055.2,6.55,1.2,40.2,0,7.4,0,Verified
33.1,1,26.0,70.8,41.0,1,63.9,16.75,7.0,0.0,0,36.0,1,Flagged for Review
92.3,1,106.0,2.6,2.2,1,486.3,4.24,1.5,52.1,1,23.8,0,Verified
82.1,1,107.0,26.9,12.7,0,465.6,11.51,0.9,18.5,0,28.5,0,Verified
78.7,1,114.0,4.1,13.0,1,386.2,6.51,6.7,69.0,0,16.0,0,Verified
23.3,1,29.0,36.1,65.5,0,7.0,21.01,54.1,42.1,0,48.9,1,Flagged for Review
74.8,1,127.0,15.1,33.2,1,200.3,3.66,3.8,50.2,0,3.5,0,Verified
52.5,1,18.0,3.4,10.4,1,575.1,3.36,1.6,62.7,0,10.9,0,Verified
0.0,1,12.0,100.0,84.8,0,26.6,11.17,25.3,31.3,0,76.5,2,Rejected
84.2,1,23.0,15.1,14.8,1,82.5,2.67,7.5,34.0,0,5.6,0,Verified
87.6,1,95.0,0.0,9.1,1,894.7,6.7,1.7,82.1,0,0.0,0,Verified
81.2,1,21.0,0.0,10.6,1,93.4,3.39,0.8,27.4,0,0.0,0,Verified
71.7,1,71.0,27.3,11.3,1,1.0,7.51,3.1,14.7,0,33.3,0,Verified
79.4,1,42.0,15.8,15.4,1,99.8,7.46,9.3,70.7,0,8.3,0,Verified
59.6,1,127.0,7.4,0.5,1,872.4,4.86,2.9,28.7,0,12.9,0,Verified
100.0,1,110.0,10.0,0.0,1,1.0,6.45,9.3,77.6,0,14.5,0,Verified
64.7,1,124.0,15.1,19.9,1,171.5,6.58,1.3,61.8,0,8.8,0,Verified
38.8,0,17.0,58.3,44.0,1,2.8,15.16,1.1,0.0,0,62.1,1,Flagged for Review
75.8,1,47.0,2.4,20.9,1,348.7,9.33,0.4,44.8,0,0.0,0,Verified
100.0,1,133.0,13.7,13.9,1,306.6,4.36,1.3,40.1,0,0.0,0,Verified
82.2,1,197.0,4.9,21.2,1,295.0,6.74,2.0,48.2,0,0.0,0,Verified
64.7,1,128.0,8.1,20.6,1,902.6,6.81,3.2,39.2,0,7.9,0,Verified
99.6,1,91.0,11.6,21.5,1,108.2,0.0,1.0,76.7,0,8.0,0,Verified
92.2,1,46.0,9.9,1.7,1,393.4,3.36,7.7,41.6,0,0.0,0,Verified
15.4,1,33.0,43.6,69.8,1,5.4,31.18,43.9,0.0,1,66.8,2,Rejected
92.0,1,130.0,14.9,7.3,1,165.1,5.16,4.8,73.1,0,3.1,0,Verified
43.9,0,5.0,65.7,47.8,0,25.2,30.64,29.2,0.0,1,94.5,2,Rejected
28.1,0,21.0,55.5,56.1,1,0.2,2.76,42.1,31.5,1,55.9,1,Flagged for Review
72.4,1,146.0,6.3,0.0,1,517.3,8.07,2.1,38.9,0,21.1,0,Verified
100.0,1,142.0,28.3,32.7,0,391.9,5.29,4.3,51.9,0,30.8,0,Verified
87.4,1,133.0,1.5,8.7,1,1.0,8.56,0.4,46.7,0,8.2,0,Verified
89.0,0,80.0,7.9,14.1,1,759.6,2.55,3.1,42.5,0,16.1,0,Verified
58.3,1,118.0,4.6,26.9,1,958.3,4.68,2.3,57.8,0,20.2,0,Verified
23.3,0,23.0,64.0,40.6,0,37.4,33.13,45.2,21.2,1,67.7,2,Rejected
70.6,1,111.0,11.8,5.9,1,186.5,5.97,1.7,71.7,0,0.0,0,Verified
49.3,1,12.0,34.0,76.6,1,4.8,1.11,24.2,16.2,0,45.2,1,Flagged for Review
0.0,0,11.0,65.6,55.3,1,36.5,0.0,71.4,23.8,0,46.2,1,Flagged for Review
53.0,1,51.0,2.0,9.9,1,376.1,3.24,0.7,50.5,0,13.2,0,Verified
81.7,1,132.0,37.5,29.4,1,363.1,3.85,7.0,48.3,0,23.5,0,Verified
97.7,1,177.0,10.8,20.1,1,399.2,4.97,1.2,61.4,0,10.2,0,Verified
79.4,1,144.0,4.2,23.5,1,1.0,0.0,12.7,56.5,0,11.1,0,Verified
92.2,1,147.0,24.1,12.6,1,344.3,0.0,0.1,25.7,0,1.5,0,Verified
86.9,1,136.0,5.3,0.0,1,865.9,5.15,2.1,72.8,0,0.0,0,Verified
86.8,0,168.0,26.6,0.0,1,376.1,0.0,1.2,50.0,0,22.0,0,Verified
78.2,1,61.0,1.3,0.0,1,149.6,4.52,16.5,59.3,0,7.2,0,Verified
69.7,0,4.0,59.0,0.3,0,14.8,20.77,1.1,10.4,1,89.0,2,Rejected
17.9,0,13.0,96.2,79.6,0,3.0,0.0,12.3,17.2,1,100.0,2,Rejected
91.9,1,13.0,22.9,9.5,1,402.7,3.32,0.9,58.8,1,18.5,0,Verified
82.3,1,165.0,29.0,7.6,0,90.1,8.92,4.2,30.3,0,28.4,0,Verified
80.1,1,165.0,0.0,36.1,1,150.5,7.12,6.6,30.6,0,0.0,0,Verified
76.1,1,90.0,22.8,2.1,1,611.8,1.22,3.3,75.9,0,12.2,0,Verified
77.7,1,93.0,0.0,23.1,1,450.1,4.29,6.0,47.8,0,3.1,0,Verified
96.7,1,107.0,0.0,12.0,1,218.2,8.82,0.2,52.0,0,9.6,0,Verified
77.3,1,112.0,2.0,11.3,1,451.1,3.26,3.1,34.4,0,9.1,0,Verified
63.2,1,116.0,15.0,26.1,0,262.1,4.87,3.6,63.0,0,44.1,1,Flagged for Review
92.4,1,135.0,10.3,29.6,1,216.2,8.51,0.6,75.5,0,10.2,0,Verified
41.4,0,6.0,80.4,74.6,0,2.9,31.42,2.9,16.5,1,100.0,2,Rejected
70.1,0,0.0,80.5,72.9,0,11.8,0.5,17.0,8.3,1,95.4,2,Rejected
35.4,0,13.0,73.0,60.6,0,47.5,0.0,4.1,0.0,0,69.1,2,Rejected
81.7,1,83.0,16.7,12.1,1,457.5,0.0,0.8,53.3,0,6.3,0,Verified
86.0,0,170.0,20.9,14.5,1,417.8,8.07,1.2,70.8,0,24.4,0,Verified
9.6,0,0.0,98.1,38.5,0,67.3,33.08,48.6,24.1,0,60.9,1,Flagged for Review
78.9,1,106.0,9.8,8.3,1,212.1,6.26,0.5,40.2,0,6.7,0,Verified
39.0,0,2.0,54.6,73.4,0,19.0,33.53,70.1,18.5,1,86.1,2,Rejected
60.2,1,77.0,16.1,22.8,1,511.9,2.47,0.5,56.8,0,14.8,0,Verified
84.8,1,124.0,0.0,10.9,1,351.6,7.88,4.3,48.7,0,1.2,0,Verified
71.4,0,0.0,58.0,75.0,1,2.9,0.22,101.2,24.3,1,67.2,2,Rejected
82.6,0,71.0,20.0,3.3,1,638.7,4.71,2.6,41.7,0,12.7,0,Verified
46.1,1,0.0,68.1,78.7,0,29.3,0.14,25.7,16.0,0,72.0,2,Rejected
39.7,0,0.0,73.0,49.3,0,30.9,16.99,47.3,26.0,1,79.8,2,Rejected
30.0,0,10.0,76.5,92.1,0,9.4,20.82,3.4,6.8,0,90.4,2,Rejected
68.1,1,214.0,10.5,10.4,1,620.0,3.81,3.4,97.8,0,17.7,0,Verified
83.9,1,76.0,21.4,35.8,1,1.3,1.49,4.5,36.9,0,21.2,0,Verified
0.0,0,0.0,81.9,47.0,1,10.0,11.42,14.3,14.1,1,80.0,2,Rejected
67.0,0,92.0,11.1,18.4,1,698.4,2.69,0.5,56.0,0,27.4,0,Verified
95.4,0,61.0,30.1,0.0,1,376.3,2.04,3.9,36.5,1,29.5,0,Verified
41.2,1,0.0,58.4,39.7,1,6.8,0.0,2.4,0.0,0,44.0,1,Flagged for Review
81.8,1,139.0,8.6,6.2,1,702.6,7.18,0.8,30.8,0,7.7,0,Verified
59.4,1,14.0,58.4,38.8,1,13.9,26.62,5.1,0.0,1,57.6,1,Flagged for Review
0.0,1,27.0,75.8,39.6,1,9.4,0.0,55.8,18.0,1,69.2,2,Rejected
72.0,0,243.0,18.5,0.0,1,386.1,9.47,0.5,51.7,0,13.7,0,Verified
0.0,0,0.0,92.4,35.2,1,5.7,4.16,52.6,22.4,0,68.9,2,Rejected
72.1,1,80.0,1.7,22.5,1,664.3,4.24,2.7,40.2,0,7.0,0,Verified
62.5,1,130.0,14.6,10.3,1,397.1,3.71,7.0,78.3,0,6.7,0,Verified
43.4,0,8.0,77.9,43.9,0,21.0,0.8,30.1,36.8,0,70.9,2,Rejected
80.4,1,152.0,10.1,11.9,1,489.6,3.8,4.2,19.4,0,16.9,0,Verified
60.6,0,20.0,64.9,36.4,0,3.1,0.0,8.0,13.7,0,83.1,2,Rejected
94.4,1,217.0,12.5,12.1,1,697.6,4.04,8.4,62.9,0,4.1,0,Verified
66.3,1,149.0,17.6,18.5,1,600.3,2.33,4.8,55.6,0,6.2,0,Verified
71.3,1,34.0,0.5,1.8,1,139.5,8.97,5.7,55.7,0,16.2,0,Verified
83.0,1,78.0,7.5,4.6,1,348.5,3.58,3.1,44.1,0,5.6,0,Verified
20.9,0,16.0,78.8,51.4,0,11.1,0.0,26.4,24.8,0,76.7,2,Rejected
89.0,1,163.0,0.0,34.7,1,788.8,6.69,1.3,49.4,0,7.3,0,Verified
85.5,1,53.0,20.3,29.2,1,357.9,4.85,0.7,90.3,0,3.1,0,Verified
83.1,1,142.0,10.0,19.0,1,745.9,2.57,7.3,38.7,0,7.1,0,Verified
87.6,1,22.0,26.0,13.8,1,271.6,4.88,4.0,46.3,0,13.7,0,Verified
84.8,1,106.0,18.6,28.8,1,292.4,2.08,0.3,55.5,0,17.6,0,Verified
9.1,0,15.0,71.2,99.5,0,22.5,1.6,19.3,16.6,0,90.7,2,Rejected
46.4,0,6.0,80.2,52.8,0,10.4,18.97,1.6,12.5,1,98.1,2,Rejected
67.0,1,42.0,15.7,0.0,1,364.9,9.29,1.1,31.8,0,15.5,0,Verified
83.1,1,117.0,19.7,16.1,1,1.0,2.28,2.9,35.4,0,21.1,0,Verified
75.3,1,83.0,13.2,0.0,1,13.3,4.37,2.5,34.6,0,22.7,0,Verified
100.0,0,138.0,21.1,1.2,1,497.5,3.69,2.3,25.5,1,31.9,0,Verified
81.4,1,70.0,7.0,3.6,1,36.6,5.68,0.9,77.8,0,0.7,0,Verified
10.8,0,14.0,45.3,54.9,1,4.8,0.0,27.0,16.0,0,55.2,1,Flagged for Review
80.1,1,19.0,9.4,8.6,1,423.2,2.68,9.0,71.6,0,12.5,0,Verified
40.0,1,3.0,81.0,100.0,0,16.0,18.69,24.0,41.3,1,71.2,2,Rejected
100.0,1,103.0,0.0,21.9,1,321.3,1.4,1.2,52.0,0,0.0,0,Verified
73.7,1,57.0,0.0,8.8,1,117.1,3.35,0.1,54.5,0,0.0,0,Verified
59.8,1,119.0,14.5,7.4,1,30.2,9.18,5.7,73.2,0,16.4,0,Verified
68.1,0,15.0,72.2,50.7,1,32.0,16.04,21.7,3.1,0,53.0,1,Flagged for Review
62.7,1,100.0,8.3,24.3,1,142.0,5.16,2.2,32.4,0,6.6,0,Verified
75.9,1,122.0,6.4,3.9,1,542.1,8.37,5.5,100.0,0,22.1,0,Verified
78.4,1,122.0,25.2,0.0,1,731.1,5.96,3.6,31.3,0,16.5,0,Verified
27.8,0,22.0,67.5,62.9,0,16.5,0.0,22.0,17.0,0,84.9,2,Rejected
91.6,0,203.0,0.0,2.8,1,265.0,3.82,1.4,56.3,0,20.7,0,Verified
72.4,1,89.0,4.7,5.7,1,312.3,3.41,0.9,58.0,0,2.1,0,Verified
0.0,1,21.0,65.2,41.8,1,10.8,16.09,14.0,22.3,0,44.7,1,Flagged for Review
61.4,1,11.0,54.1,77.4,0,1.9,24.69,11.7,0.6,1,86.0,2,Rejected
36.5,0,9.0,54.4,93.6,1,4.9,13.17,29.1,27.9,1,67.3,2,Rejected
83.4,1,137.0,0.0,11.1,1,74.3,5.86,0.6,73.6,0,0.0,0,Verified
88.1,1,121.0,3.2,19.4,1,844.3,4.91,0.0,61.2,0,0.0,0,Verified
93.8,0,46.0,4.8,0.0,1,240.5,4.09,2.9,42.8,0,10.7,0,Verified
0.4,1,1.0,58.1,33.7,0,34.7,0.0,19.1,20.8,0,54.4,1,Flagged for Review
88.4,1,82.0,27.0,0.0,1,267.4,6.0,6.6,56.2,0,5.1,0,Verified
59.8,1,89.0,3.1,0.5,1,6.5,3.76,3.7,39.8,0,8.9,0,Verified
82.7,1,51.0,0.0,17.0,1,435.5,5.88,4.6,77.7,0,8.0,0,Verified
88.7,1,161.0,8.9,24.4,1,407.4,0.22,1.6,54.0,0,14.8,0,Verified
14.6,0,6.0,56.4,61.0,0,1.4,20.58,4.5,0.5,0,79.3,2,Rejected
72.3,1,154.0,0.0,9.3,1,409.4,6.87,1.4,37.7,0,15.5,0,Verified
72.8,1,167.0,24.5,4.4,1,323.1,6.55,0.3,64.6,0,14.9,0,Verified
74.0,1,94.0,8.3,25.4,1,41.5,4.51,3.0,73.9,0,3.0,0,Verified
89.5,1,81.0,2.7,36.9,1,400.6,7.29,0.6,63.7,0,3.8,0,Verified
96.5,1,75.0,0.0,13.6,1,684.9,1.82,4.3,63.8,0,0.7,0,Verified
76.3,0,139.0,17.1,23.3,1,891.6,4.78,0.6,40.4,0,19.4,0,Verified
43.6,0,31.0,64.9,63.4,0,9.0,1.01,17.4,15.9,0,66.3,2,Rejected
44.4,0,0.0,46.9,35.7,0,5.9,14.33,87.3,5.8,0,68.6,2,Rejected
80.3,1,168.0,1.0,0.0,0,550.1,0.0,0.3,51.5,1,34.8,0,Verified
79.0,1,128.0,6.8,6.1,1,808.2,2.35,2.1,53.0,0,16.8,0,Verified
32.8,0,11.0,55.3,43.5,1,9.9,15.94,20.8,0.0,0,59.0,1,Flagged for Review
17.1,0,0.0,48.1,62.4,0,9.9,0.24,0.6,25.1,0,68.6,2,Rejected
51.8,1,8.0,38.8,39.2,0,1.4,0.0,13.3,30.5,0,50.2,1,Flagged for Review
70.1,0,157.0,0.0,0.0,1,505.8,3.25,3.0,31.6,0,17.0,0,Verified
0.0,0,6.0,44.7,78.2,1,9.9,0.0,15.9,39.5,0,55.4,1,Flagged for Review
27.5,0,17.0,62.3,58.3,0,25.8,0.32,52.0,20.2,1,85.6,2,Rejected
14.2,0,9.0,62.5,39.5,0,26.1,1.74,25.9,18.1,1,93.0,2,Rejected
81.8,1,130.0,0.0,0.0,1,668.2,8.59,1.1,22.9,0,5.6,0,Verified
10.3,0,1.0,54.6,85.3,0,0.1,12.97,40.8,26.2,0,70.9,2,Rejected
100.0,1,51.0,11.0,10.6,0,689.3,4.1,4.2,54.1,0,17.3,0,Verified
61.6,1,0.0,78.2,68.0,0,21.5,0.09,34.6,7.2,0,66.0,2,Rejected
66.2,1,144.0,22.6,0.0,1,331.3,3.9,0.5,50.6,0,3.0,0,Verified
22.9,1,23.0,78.5,77.6,1,18.1,0.42,20.0,0.0,0,54.0,1,Flagged for Review
53.0,1,129.0,8.5,26.3,1,455.6,7.96,0.7,58.1,0,18.1,0,Verified
80.7,1,163.0,0.5,0.0,1,1.0,7.17,1.0,32.2,0,21.2,0,Verified
82.2,0,99.0,25.0,29.7,0,346.6,1.05,1.0,48.7,0,43.8,1,Flagged for Review
93.1,1,138.0,19.3,0.0,1,298.0,4.15,11.2,48.7,0,6.2,0,Verified
0.0,1,15.0,52.5,74.3,0,50.0,0.9,19.2,25.8,0,52.6,1,Flagged for Review
27.2,1,20.0,97.3,53.0,1,33.6,32.98,7.2,13.1,0,33.8,0,Verified
79.9,1,91.0,11.4,0.0,1,705.7,5.2,1.0,67.7,0,6.2,0,Verified
71.3,1,153.0,6.5,6.0,1,565.1,5.74,0.0,33.5,0,8.3,0,Verified
66.2,1,122.0,17.7,18.5,1,160.0,3.68,0.2,53.1,0,7.3,0,Verified
86.3,1,56.0,18.3,11.9,1,383.5,4.52,2.4,64.5,0,1.0,0,Verified
64.2,1,1.0,8.1,25.4,1,218.4,2.05,1.0,77.4,0,3.2,0,Verified
76.2,1,94.0,7.2,29.2,1,468.0,3.81,0.6,34.5,0,10.4,0,Verified
50.5,0,21.0,47.7,60.3,0,12.9,0.0,5.7,7.3,1,91.5,2,Rejected
89.7,1,70.0,19.3,0.0,1,439.4,5.29,6.3,64.1,0,12.6,0,Verified
100.0,1,116.0,10.7,0.0,1,349.2,4.52,2.7,84.0,0,0.0,0,Verified
5.7,1,31.0,36.2,36.2,1,41.3,23.68,72.3,25.4,0,25.1,0,Verified
56.1,1,140.0,13.4,25.3,1,953.2,9.46,4.4,35.0,0,13.2,0,Verified
54.5,0,10.0,43.3,49.1,0,15.5,0.72,22.1,33.7,0,61.6,1,Flagged for Review
82.2,1,51.0,0.0,5.5,1,1.0,5.72,1.0,57.4,0,20.5,0,Verified
54.6,0,0.0,59.0,37.3,0,3.8,23.47,18.3,22.0,0,73.6,2,Rejected
75.8,1,136.0,5.8,28.9,1,682.1,3.96,5.0,51.0,0,2.5,0,Verified
79.2,1,132.0,7.8,34.9,1,1.0,5.81,1.2,35.6,0,19.2,0,Verified
28.4,0,0.0,85.9,47.2,0,3.2,1.64,11.8,19.5,1,100.0,2,Rejected
96.6,1,93.0,8.5,0.0,1,533.3,5.01,0.1,48.7,0,4.1,0,Verified
54.6,1,95.0,23.9,15.6,1,556.3,7.02,2.1,64.5,0,14.6,0,Verified
76.8,1,77.0,5.5,23.2,1,418.8,3.7,0.6,23.1,0,10.1,0,Verified
52.9,1,0.0,67.8,83.7,1,3.1,0.26,55.0,0.0,1,72.1,2,Rejected
69.1,1,69.0,1.9,20.7,1,176.0,1.18,17.6,42.7,0,10.5,0,Verified
71.6,0,0.0,57.1,65.5,1,9.3,20.98,3.6,3.0,0,56.8,1,Flagged for Review
73.1,1,119.0,10.0,0.0,1,952.9,7.33,0.3,66.0,0,6.1,0,Verified
81.4,1,108.0,13.5,1.4,1,168.1,6.64,1.1,29.3,0,13.8,0,Verified
89.8,1,80.0,10.1,8.1,1,465.9,3.91,6.7,59.4,0,3.2,0,Verified
73.7,1,49.0,16.4,24.8,1,378.7,1.67,4.4,84.8,0,11.0,0,Verified
56.1,1,81.0,0.0,2.8,1,653.3,4.29,0.8,44.2,0,16.3,0,Verified
76.0,1,95.0,0.0,17.5,1,449.9,4.77,9.2,84.8,0,8.2,0,Verified
49.3,1,6.0,73.1,66.6,0,8.9,20.15,12.8,13.0,1,86.8,2,Rejected
77.3,1,101.0,0.0,31.0,1,1.0,1.33,0.6,79.1,0,23.8,0,Verified
27.6,0,16.0,49.7,29.7,0,2.3,15.41,54.2,9.7,0,76.6,2,Rejected
95.0,1,136.0,9.5,0.0,1,613.6,6.64,1.8,52.8,0,0.0,0,Verified
77.4,0,88.0,1.7,19.8,1,590.2,1.99,5.1,88.1,0,18.2,0,Verified
74.9,1,112.0,3.1,37.7,1,172.6,5.77,1.3,68.0,0,5.2,0,Verified
39.4,0,4.0,49.0,56.6,1,0.7,14.14,5.9,16.0,1,83.3,2,Rejected
60.6,0,9.0,43.4,92.6,0,7.7,1.18,4.0,23.8,1,86.9,2,Rejected
16.0,0,9.0,71.5,82.1,0,2.7,0.75,19.2,19.1,1,98.6,2,Rejected
93.6,1,154.0,4.2,0.6,1,121.3,4.42,0.9,56.9,0,0.0,0,Verified
19.5,0,11.0,46.2,72.9,0,1.2,1.6,24.2,18.2,0,86.8,2,Rejected
74.9,1,88.0,0.0,8.1,1,795.7,4.72,2.4,52.1,0,0.0,0,Verified
67.6,1,144.0,11.4,4.0,1,546.7,3.46,7.1,39.3,0,24.1,0,Verified
44.0,0,16.0,85.9,41.1,0,45.0,11.47,8.3,7.1,1,76.0,2,Rejected
83.5,1,99.0,20.2,8.2,1,1.0,3.94,12.3,56.3,0,25.3,0,Verified
66.9,0,136.0,1.3,30.8,0,227.4,4.78,5.1,40.5,0,36.9,1,Flagged for Review
79.5,1,143.0,0.0,0.0,1,343.3,1.46,8.9,29.2,0,0.0,0,Verified
87.6,1,140.0,10.2,26.2,0,233.0,5.69,0.7,33.4,0,31.1,0,Verified
87.0,1,123.0,18.3,13.5,1,328.9,3.47,1.7,76.2,0,4.9,0,Verified
89.1,1,101.0,11.5,26.5,1,757.8,3.81,0.3,52.4,0,17.5,0,Verified
86.1,1,134.0,12.9,31.0,1,279.1,2.9,0.4,56.0,0,0.9,0,Verified
74.9,1,67.0,21.4,13.0,1,331.4,4.69,1.0,37.6,0,13.4,0,Verified
20.3,0,10.0,77.0,74.9,0,28.1,5.29,36.1,0.0,0,86.9,2,Rejected
65.2,1,113.0,7.8,12.8,1,50.9,6.71,3.3,44.0,0,10.5,0,Verified
14.0,0,20.0,50.4,16.9,0,14.5,24.65,30.0,25.9,0,70.6,2,Rejected
82.2,1,28.0,8.0,0.0,1,228.2,3.83,9.3,25.1,0,0.0,0,Verified
78.9,0,130.0,0.0,30.6,1,434.5,1.13,4.0,74.6,0,19.2,0,Verified
69.0,1,145.0,3.3,14.9,1,330.3,6.08,7.1,54.7,0,14.1,0,Verified
100.0,1,107.0,0.6,0.0,1,338.5,3.41,7.9,58.6,0,2.9,0,Verified
67.0,1,217.0,13.6,0.0,1,247.1,8.27,4.2,71.5,0,5.5,0,Verified
76.0,1,79.0,1.0,0.0,1,141.6,6.22,0.8,70.1,0,0.0,0,Verified
60.0,0,9.0,72.8,35.8,0,1.8,0.48,2.8,27.7,0,71.0,2,Rejected
50.6,0,4.0,91.0,58.1,0,12.6,16.85,9.2,0.0,1,100.0,2,Rejected
95.4,1,107.0,0.0,6.5,1,580.9,7.69,3.3,65.7,0,5.6,0,Verified
26.6,1,0.0,45.0,56.8,0,13.1,9.97,2.6,25.9,1,82.5,2,Rejected
89.1,1,47.0,11.5,5.8,1,247.0,3.87,0.6,74.1,0,10.4,0,Verified
13.6,0,30.0,64.1,37.3,1,11.7,1.69,17.9,13.0,1,74.0,2,Rejected
78.4,1,106.0,3.3,13.1,1,386.8,2.92,1.4,68.1,0,6.4,0,Verified
86.3,1,165.0,2.2,11.0,1,616.1,10.17,0.8,79.6,0,9.4,0,Verified
100.0,1,209.0,14.0,0.0,1,308.1,4.75,0.0,55.5,0,0.0,0,Verified
55.1,0,21.0,51.1,19.7,0,5.7,1.81,79.5,21.1,0,65.8,2,Rejected
98.8,1,75.0,10.1,19.2,1,517.5,5.97,0.4,69.7,0,12.6,0,Verified
84.5,1,79.0,14.2,3.8,1,392.2,2.28,6.3,51.8,0,5.4,0,Verified
93.7,1,103.0,6.8,26.5,1,172.7,8.3,2.8,63.7,1,26.2,0,Verified
80.6,1,190.0,0.0,40.2,1,616.8,2.44,2.9,44.9,0,5.6,0,Verified
70.2,1,103.0,19.7,19.9,1,179.2,1.87,5.3,14.0,0,19.6,0,Verified
1.6,0,5.0,67.2,39.5,0,30.1,35.75,56.2,10.1,0,70.5,2,Rejected
91.2,1,87.0,17.1,20.6,1,406.0,1.8,1.3,27.1,0,10.6,0,Verified
95.6,1,144.0,8.2,5.6,1,366.2,8.9,0.4,42.4,0,2.5,0,Verified
50.4,1,7.0,36.1,16.8,1,9.4,29.24,60.0,0.0,1,42.1,1,Flagged for Review
73.6,1,101.0,18.9,36.2,1,206.3,0.0,2.4,70.0,0,8.9,0,Verified
20.3,0,8.0,76.9,54.3,1,9.8,0.0,16.8,28.8,1,84.1,2,Rejected
39.6,0,3.0,48.5,69.9,0,20.0,21.36,25.7,19.2,0,82.7,2,Rejected
0.0,0,21.0,76.1,0.0,0,31.8,19.94,10.1,0.0,1,70.6,2,Rejected
68.5,1,149.0,0.0,9.4,1,386.7,1.61,4.9,50.4,0,13.4,0,Verified
74.5,1,73.0,11.6,0.0,1,385.1,4.74,2.5,72.8,0,0.0,0,Verified
75.5,1,72.0,12.6,32.1,1,704.9,3.8,8.1,81.6,0,16.4,0,Verified
61.2,1,26.0,17.1,14.6,1,922.6,2.56,2.2,31.4,0,19.2,0,Verified
42.4,1,8.0,68.2,79.0,0,1.6,0.06,0.3,0.0,0,74.7,2,Rejected
66.1,1,78.0,9.0,8.4,0,379.2,5.39,2.2,70.0,0,22.2,0,Verified
76.2,1,121.0,31.0,0.0,1,127.9,7.26,2.4,48.9,0,5.5,0,Verified
20.8,1,2.0,51.7,24.9,0,2.5,0.46,38.0,15.1,0,69.7,2,Rejected
59.2,1,178.0,14.2,1.1,1,1.0,0.68,1.5,47.8,0,14.3,0,Verified
63.7,1,6.0,45.1,34.7,0,1.5,0.0,27.4,25.6,0,48.2,1,Flagged for Review
99.5,1,86.0,0.0,18.2,1,1.0,6.93,0.8,35.7,0,17.9,0,Verified
71.1,1,118.0,8.0,19.2,1,700.5,8.48,0.4,57.8,0,4.9,0,Verified
16.9,0,18.0,81.4,100.0,0,20.1,12.49,54.8,0.0,1,100.0,2,Rejected
58.5,0,8.0,36.5,44.7,0,7.1,0.78,45.4,5.9,0,64.0,1,Flagged for Review
98.7,1,67.0,10.3,0.0,1,708.4,6.42,1.0,77.8,0,0.0,0,Verified
70.5,1,41.0,21.2,16.8,1,141.5,3.68,1.7,29.9,0,6.5,0,Verified
17.4,1,8.0,56.8,85.3,1,25.3,27.69,11.6,0.0,1,73.4,2,Rejected
74.3,1,149.0,19.1,0.0,1,1.0,4.94,2.7,75.1,0,24.9,0,Verified
39.6,1,0.0,53.4,57.7,0,68.2,17.97,80.6,0.0,0,53.9,1,Flagged for Review
92.1,1,83.0,20.3,40.1,1,209.3,3.1,1.5,30.6,0,9.6,0,Verified
100.0,1,78.0,5.7,22.0,1,424.1,8.12,3.4,86.2,0,4.3,0,Verified
17.5,0,2.0,45.8,40.6,0,6.9,20.52,38.1,25.7,0,80.1,2,Rejected
52.6,1,21.0,46.7,52.0,1,17.2,21.77,21.0,25.4,0,38.5,1,Flagged for Review
49.4,0,0.0,82.9,51.0,0,13.4,29.4,22.8,41.1,0,70.9,2,Rejected
16.7,0,3.0,29.0,54.8,1,14.9,0.0,7.0,14.5,0,68.8,2,Rejected
62.1,1,20.0,46.7,75.8,0,6.3,0.36,1.5,6.5,0,66.5,2,Rejected
61.4,1,38.0,4.4,0.0,1,857.7,3.7,6.5,49.4,0,0.0,0,Verified
37.7,1,7.0,66.9,36.5,1,12.2,0.99,47.2,32.9,1,46.9,1,Flagged for Review
71.1,1,75.0,0.0,14.6,1,440.9,3.4,2.6,47.9,0,9.9,0,Verified
83.1,1,99.0,11.8,12.3,1,314.2,11.31,12.4,27.6,0,0.0,0,Verified
73.0,1,124.0,16.7,5.1,1,731.8,4.24,1.7,57.4,1,26.1,0,Verified
91.2,1,100.0,0.0,0.0,1,471.9,2.8,5.5,49.3,0,0.0,0,Verified
0.0,0,27.0,56.4,60.3,0,0.4,30.23,5.9,25.5,0,84.4,2,Rejected
90.4,1,140.0,17.2,0.1,1,512.0,7.22,7.2,77.3,0,5.9,0,Verified
100.0,1,123.0,0.0,10.3,0,362.7,6.81,13.2,98.1,0,11.7,0,Verified
87.8,1,81.0,23.4,33.2,1,661.7,2.92,2.1,38.5,0,17.0,0,Verified
28.4,0,7.0,84.5,44.9,1,35.3,43.23,0.9,0.0,0,60.6,1,Flagged for Review
100.0,1,45.0,17.2,0.0,1,170.1,7.04,1.9,47.8,0,0.0,0,Verified
73.5,0,72.0,5.9,0.0,1,162.8,5.37,5.8,96.2,0,10.3,0,Verified
29.2,0,10.0,43.1,81.3,0,18.4,29.6,12.1,10.1,0,84.4,2,Rejected
100.0,0,74.0,15.3,0.0,1,655.9,4.95,1.2,71.7,0,17.2,0,Verified
88.4,1,56.0,9.2,0.0,1,846.2,9.32,0.1,76.3,0,17.7,0,Verified
61.1,1,124.0,10.3,18.4,1,1.0,5.55,2.1,57.3,0,28.0,0,Verified
69.1,1,105.0,20.9,15.9,1,426.7,4.06,1.9,51.6,0,25.6,0,Verified
100.0,1,101.0,17.6,17.4,0,547.3,4.43,0.3,82.3,0,26.2,0,Verified
13.5,0,0.0,65.0,71.6,0,14.4,0.09,23.7,35.5,0,81.0,2,Rejected
83.1,1,135.0,11.5,11.2,1,682.4,3.0,1.0,39.8,0,3.1,0,Verified
92.6,1,86.0,3.1,4.1,1,590.4,4.9,3.1,42.0,0,0.0,0,Verified
11.9,0,0.0,48.6,47.9,0,28.8,0.0,20.5,5.4,1,96.0,2,Rejected
57.7,1,2.0,18.1,66.0,0,9.0,8.47,43.2,18.9,1,71.4,2,Rejected
79.1,1,149.0,20.2,6.0,1,501.2,3.11,4.0,81.5,0,0.0,0,Verified
16.2,0,40.0,81.8,39.5,1,0.0,22.62,13.5,9.6,0,60.9,1,Flagged for Review
94.0,1,29.0,10.1,0.0,0,457.3,6.9,3.0,42.2,1,44.4,1,Flagged for Review
14.5,0,28.0,49.2,78.2,0,5.4,6.43,2.7,28.4,0,76.8,2,Rejected
57.0,1,0.0,39.3,75.9,0,0.4,0.0,2.4,6.0,0,66.2,2,Rejected
56.2,0,0.0,71.9,47.8,0,22.9,27.88,16.3,30.9,0,65.5,2,Rejected
80.2,1,67.0,14.9,17.3,1,329.4,3.99,4.7,71.7,0,10.5,0,Verified
70.1,1,103.0,19.6,19.7,1,450.7,7.08,0.5,54.2,0,21.3,0,Verified
71.4,1,122.0,1.9,0.0,1,697.0,1.98,0.1,78.7,0,13.1,0,Verified
68.3,1,97.0,1.9,0.2,1,107.4,2.4,2.6,45.7,0,7.4,0,Verified
11.4,0,0.0,97.5,56.7,0,27.6,0.0,15.1,19.0,0,86.2,2,Rejected
99.3,0,129.0,0.0,10.3,1,284.1,3.03,4.5,47.0,0,22.3,0,Verified
70.7,0,179.0,7.3,18.2,1,512.4,7.06,1.6,21.9,0,24.9,0,Verified
84.6,1,145.0,12.5,10.3,1,621.0,3.11,1.2,36.6,0,0.0,0,Verified
27.8,0,14.0,81.2,32.9,0,14.8,0.0,19.4,10.3,1,86.5,2,Rejected
78.4,1,63.0,14.0,8.1,1,418.6,5.82,16.6,89.6,0,0.0,0,Verified
33.9,1,2.0,32.5,11.0,0,24.4,0.0,55.7,19.8,1,70.1,2,Rejected
15.4,1,0.0,58.7,36.7,0,5.3,0.0,47.8,8.3,0,75.3,2,Rejected
79.3,1,126.0,0.4,20.8,0,403.3,3.3,1.2,63.8,0,31.6,0,Verified
89.6,1,172.0,8.3,12.4,1,103.9,4.95,1.5,44.2,0,7.1,0,Verified
85.1,1,100.0,34.3,19.6,1,253.2,2.6,1.1,46.3,0,11.2,0,Verified
65.2,1,92.0,9.2,19.4,1,1.0,4.44,8.2,56.3,0,36.2,1,Flagged for Review
97.2,1,134.0,21.2,0.0,1,782.1,6.87,3.8,47.1,0,4.9,0,Verified
84.9,1,30.0,19.6,0.0,1,327.5,2.16,9.4,22.9,0,5.7,0,Verified
84.8,1,99.0,0.0,0.0,1,210.1,3.78,6.2,43.3,0,0.0,0,Verified
81.9,1,104.0,13.1,2.2,1,505.3,6.3,4.2,66.1,0,18.9,0,Verified
74.8,1,69.0,11.5,7.0,1,149.0,0.0,3.6,66.6,0,11.5,0,Verified
23.2,0,15.0,69.0,84.5,1,7.9,16.92,20.7,0.0,1,76.8,2,Rejected
88.7,1,62.0,2.5,26.4,1,812.7,7.61,3.5,77.6,0,0.0,0,Verified
57.5,1,104.0,0.0,8.5,1,890.3,1.15,0.6,38.8,0,0.0,0,Verified
53.3,1,5.0,62.1,10.7,1,27.6,1.83,1.6,0.0,1,55.4,1,Flagged for Review
78.4,1,171.0,9.0,3.5,1,697.5,5.07,2.2,42.4,0,0.0,0,Verified
66.8,0,0.0,42.5,52.2,1,17.1,0.69,10.9,18.6,0,44.3,1,Flagged for Review
98.7,1,152.0,28.2,14.4,0,52.4,7.4,2.1,43.8,0,34.4,0,Verified
71.2,1,142.0,24.0,21.7,1,178.7,5.99,0.1,51.9,1,32.7,0,Verified
75.0,0,116.0,18.6,21.6,0,823.3,5.31,0.9,39.3,0,49.7,1,Flagged for Review
74.8,1,61.0,0.0,0.0,1,49.0,3.57,7.5,69.1,0,0.0,0,Verified
70.8,1,45.0,5.9,10.2,1,1013.1,9.0,9.8,37.9,0,1.1,0,Verified
77.1,1,115.0,12.1,28.6,1,271.4,6.88,3.9,37.0,0,6.4,0,Verified
92.8,1,86.0,3.7,6.7,1,831.0,6.51,0.2,64.4,0,12.7,0,Verified
49.1,0,0.0,48.9,74.2,1,30.0,1.82,42.5,24.0,1,53.9,1,Flagged for Review
88.0,1,144.0,17.2,8.3,1,628.0,2.45,2.0,50.9,0,17.4,0,Verified
14.5,0,23.0,73.7,80.3,1,3.3,27.98,6.5,37.0,0,65.4,2,Rejected
74.1,0,58.0,20.3,0.0,1,781.4,4.34,6.1,69.3,0,17.3,0,Verified
77.4,1,133.0,1.0,0.0,1,268.1,5.84,8.1,89.2,0,7.0,0,Verified
100.0,1,64.0,19.3,20.7,1,197.1,4.61,2.9,68.2,0,0.0,0,Verified
29.3,0,17.0,77.9,20.7,0,0.9,0.67,5.8,15.0,0,67.0,2,Rejected
66.8,1,9.0,76.4,95.8,1,11.0,28.0,10.3,11.9,0,56.2,1,Flagged for Review
54.0,1,104.0,15.3,0.0,1,482.2,0.44,0.1,80.2,0,10.0,0,Verified
32.3,0,17.0,55.6,24.4,0,0.5,19.45,51.7,0.0,0,86.5,2,Rejected
24.6,1,3.0,65.4,58.4,0,6.4,44.07,66.2,0.0,0,64.9,1,Flagged for Review
28.2,0,0.0,50.2,52.8,0,16.3,1.04,25.1,19.8,0,81.0,2,Rejected
84.3,1,41.0,13.1,8.2,1,1.0,2.25,3.2,45.8,0,22.4,0,Verified
98.3,1,135.0,11.4,0.0,1,784.2,5.61,0.5,62.5,0,4.6,0,Verified
74.4,1,75.0,0.0,22.1,1,467.7,4.13,0.7,34.3,0,13.7,0,Verified
31.7,0,8.0,56.4,73.0,0,45.9,28.49,25.0,22.3,0,58.7,1,Flagged for Review
36.6,0,7.0,43.1,63.9,0,5.1,25.81,45.2,22.7,1,89.7,2,Rejected
69.3,1,148.0,10.8,15.4,1,646.6,5.12,0.1,67.0,0,12.4,0,Verified
56.7,1,103.0,10.1,1.4,1,221.9,4.19,1.6,12.7,0,23.7,0,Verified
15.4,0,20.0,70.0,75.6,1,34.2,22.32,15.5,0.0,0,53.0,1,Flagged for Review
11.9,1,0.0,81.0,65.2,1,1.1,14.87,12.7,2.8,0,52.1,1,Flagged for Review
1.3,0,23.0,52.7,56.6,0,12.5,0.0,34.9,3.4,0,80.1,2,Rejected
82.9,1,150.0,8.6,0.0,1,570.4,7.24,1.5,44.5,0,0.0,0,Verified
69.0,1,106.0,28.2,0.0,1,522.0,4.02,1.0,28.2,0,6.9,0,Verified
20.8,1,3.0,72.1,44.7,1,18.0,0.0,30.6,25.1,1,58.0,1,Flagged for Review
74.1,1,10.0,65.1,73.1,0,7.2,0.0,16.0,0.0,1,77.4,2,Rejected
24.5,0,0.0,68.4,31.3,1,8.0,1.57,7.4,27.4,1,66.7,2,Rejected
77.7,1,85.0,7.9,0.0,1,644.5,6.45,7.0,89.4,0,0.0,0,Verified
43.0,0,11.0,86.5,68.4,1,13.9,0.41,3.0,3.5,0,65.7,2,Rejected
100.0,1,139.0,0.0,0.0,1,340.2,7.41,3.3,49.7,0,0.0,0,Verified
64.6,1,62.0,0.1,40.0,1,670.8,2.95,5.7,39.6,0,10.6,0,Verified
66.2,1,170.0,1.2,32.7,1,116.3,5.22,2.6,57.5,0,12.6,0,Verified
64.0,1,22.0,88.9,17.7,1,18.9,0.0,19.3,7.4,1,58.3,1,Flagged for Review
71.1,0,8.0,49.5,26.4,1,37.2,0.1,24.5,7.8,1,46.5,1,Flagged for Review
88.0,1,110.0,11.9,11.3,1,535.1,4.55,4.7,39.4,0,1.9,0,Verified
92.4,1,85.0,22.8,7.4,1,515.9,5.19,0.8,64.4,0,12.9,0,Verified
100.0,1,122.0,9.1,0.0,1,575.7,4.93,2.5,45.7,0,9.5,0,Verified
50.5,1,159.0,30.8,15.5,1,467.0,5.0,1.7,48.3,0,12.8,0,Verified
45.1,0,0.0,57.4,52.9,1,3.0,0.0,20.8,9.9,0,56.7,1,Flagged for Review
74.2,1,41.0,8.5,3.4,1,551.8,10.83,4.6,84.6,0,0.0,0,Verified
73.8,1,142.0,4.6,9.6,1,494.0,5.58,3.9,93.1,0,5.2,0,Verified
58.8,1,0.0,43.6,77.7,0,2.6,0.0,2.1,0.0,1,72.8,2,Rejected
69.3,0,60.0,0.0,36.9,1,778.7,4.15,1.4,53.4,0,17.2,0,Verified
100.0,1,77.0,0.0,5.6,1,558.8,2.81,0.8,78.7,0,7.3,0,Verified
93.8,1,71.0,8.9,17.3,1,61.1,5.38,2.2,76.0,0,0.0,0,Verified
82.3,1,77.0,25.5,13.7,1,207.5,5.72,5.1,70.9,0,4.4,0,Verified
100.0,1,95.0,12.3,16.2,1,273.3,8.25,2.6,26.6,0,0.0,0,Verified
60.8,0,98.0,0.0,17.1,1,273.2,10.19,10.5,76.7,0,8.4,0,Verified
52.2,0,5.0,85.7,61.1,0,2.5,0.0,19.2,9.3,1,100.0,2,Rejected
37.8,0,13.0,31.1,100.0,0,68.9,0.81,14.0,0.0,0,70.2,2,Rejected
72.2,1,100.0,3.8,14.7,1,713.3,3.85,3.5,42.9,0,18.0,0,Verified
18.9,0,19.0,61.8,89.5,1,5.2,1.34,35.2,0.0,0,62.0,1,Flagged for Review
83.4,1,96.0,24.8,10.3,1,581.0,4.0,1.2,9.8,0,6.4,0,Verified
84.1,1,162.0,20.1,1.1,1,431.5,4.89,2.1,52.7,0,12.2,0,Verified
62.2,1,133.0,22.7,11.3,1,663.7,0.0,4.8,43.2,0,9.7,0,Verified
93.2,1,38.0,0.5,14.9,1,348.3,7.29,4.3,41.4,0,0.6,0,Verified
85.4,1,134.0,0.0,16.8,1,231.6,0.31,1.2,46.8,0,13.6,0,Verified
64.8,1,0.0,79.2,71.0,0,24.2,23.52,22.9,0.0,1,87.8,2,Rejected
80.4,1,20.0,51.8,96.6,1,3.9,28.53,2.2,4.2,0,53.2,1,Flagged for Review
26.9,0,0.0,35.2,61.6,0,10.0,24.87,11.9,10.9,0,73.5,2,Rejected
65.4,1,110.0,24.8,5.4,1,311.4,0.94,1.7,58.0,0,6.6,0,Verified
76.4,1,110.0,0.0,15.8,1,228.5,2.35,1.3,39.7,0,3.7,0,Verified
38.9,1,7.0,42.9,100.0,0,25.5,0.69,9.8,34.7,0,68.8,2,Rejected
83.3,1,45.0,0.0,14.2,1,421.1,4.72,3.4,55.4,0,4.9,0,Verified
70.1,1,106.0,18.6,24.0,1,461.0,6.08,1.5,16.8,0,22.6,0,Verified
82.1,1,100.0,5.3,3.5,1,607.5,1.91,0.2,64.8,0,0.0,0,Verified
60.6,1,91.0,1.9,19.2,1,104.0,4.87,3.8,35.3,0,0.0,0,Verified
37.5,0,6.0,56.9,63.0,0,29.6,19.9,48.3,51.9,1,74.3,2,Rejected
79.1,1,60.0,0.0,36.3,1,262.0,3.01,0.2,66.1,0,6.3,0,Verified
97.7,1,90.0,10.4,9.4,1,895.8,4.87,2.8,81.5,0,0.0,0,Verified
74.6,1,134.0,2.3,20.3,1,338.7,0.27,1.2,58.4,0,17.5,0,Verified
74.7,1,94.0,17.9,12.2,1,689.8,6.1,1.2,69.7,0,9.1,0,Verified
71.3,1,35.0,16.4,0.0,1,1.0,4.0,2.0,55.8,0,20.9,0,Verified
94.3,1,89.0,26.9,5.8,1,114.5,4.36,3.8,44.4,0,0.6,0,Verified
24.0,0,0.0,57.6,43.2,0,3.7,21.32,53.2,7.9,0,72.7,2,Rejected
91.0,1,122.0,15.2,6.8,1,1.0,6.08,0.3,32.9,0,26.7,0,Verified
76.6,1,124.0,24.0,0.0,1,576.2,4.2,1.7,54.3,0,19.0,0,Verified
54.3,1,35.0,3.7,11.6,1,501.4,2.21,0.2,44.8,0,11.8,0,Verified
9.1,0,0.0,52.2,73.7,0,12.3,0.0,12.0,9.4,0,72.9,2,Rejected
24.4,0,13.0,65.7,53.3,1,0.4,0.0,40.2,15.8,0,59.9,1,Flagged for Review
22.9,0,6.0,57.8,50.9,1,50.9,23.35,12.3,6.2,0,50.6,1,Flagged for Review
65.3,1,108.0,34.5,21.2,1,1.0,1.01,1.0,55.8,0,25.9,0,Verified
95.0,1,54.0,24.6,30.4,1,88.9,7.29,0.6,81.8,0,0.0,0,Verified
43.4,0,5.0,38.8,51.3,0,24.9,24.64,27.8,17.7,0,85.0,2,Rejected
79.5,1,126.0,10.6,10.3,1,426.2,0.22,0.8,47.8,1,16.7,0,Verified
91.2,1,92.0,15.5,0.0,1,404.8,6.12,1.1,30.7,0,0.0,0,Verified
95.5,1,106.0,5.4,3.8,1,651.2,5.92,0.3,37.3,0,2.1,0,Verified
81.7,1,183.0,18.8,0.9,1,544.1,6.76,6.8,62.4,0,13.7,0,Verified
71.2,1,79.0,0.0,0.0,1,601.1,5.91,6.5,55.6,0,7.4,0,Verified
57.2,1,113.0,0.0,28.4,1,58.6,2.59,2.9,55.9,0,2.8,0,Verified
44.3,0,18.0,85.5,100.0,1,3.7,24.06,37.7,13.2,0,61.6,1,Flagged for Review
73.4,1,122.0,0.0,28.4,1,340.1,9.16,4.9,24.9,1,10.1,0,Verified
83.5,1,38.0,24.8,27.0,1,800.1,2.23,0.2,96.7,0,9.7,0,Verified
77.2,1,133.0,28.2,18.0,1,465.3,5.81,0.3,76.2,0,8.9,0,Verified
91.6,1,58.0,0.0,0.0,1,246.0,7.88,1.2,49.1,0,4.3,0,Verified
73.4,1,173.0,22.9,0.0,1,641.7,2.52,1.7,62.0,0,4.5,0,Verified
46.5,1,7.0,86.4,51.9,0,9.6,0.0,7.3,0.0,1,93.9,2,Rejected
98.6,1,244.0,0.0,19.5,1,206.4,1.83,0.5,60.7,1,22.1,0,Verified
9.2,0,12.0,24.4,55.7,1,8.0,9.34,94.7,24.1,1,59.5,1,Flagged for Review
40.9,1,14.0,26.1,63.4,0,3.7,15.05,33.6,30.6,1,72.9,2,Rejected
73.6,1,111.0,17.5,25.8,1,739.1,4.66,1.4,50.8,0,19.3,0,Verified
73.1,1,144.0,0.0,32.2,1,472.8,8.43,0.7,41.4,0,3.1,0,Verified
37.8,0,11.0,29.6,51.7,0,9.2,25.38,3.1,15.5,0,71.7,2,Rejected
74.4,1,130.0,3.1,13.3,1,291.7,3.06,0.1,47.8,0,5.1,0,Verified
92.6,0,166.0,14.7,0.0,0,507.0,5.31,2.8,35.3,0,31.9,0,Verified
12.2,0,0.0,99.8,46.4,1,11.2,0.27,0.8,30.2,0,66.9,2,Rejected
63.1,1,93.0,4.6,18.1,1,326.1,6.13,2.7,56.0,0,14.5,0,Verified
100.0,1,94.0,7.9,16.3,0,449.9,9.05,2.9,47.7,0,26.5,0,Verified
86.5,1,149.0,30.4,5.9,1,65.5,5.99,5.0,13.6,0,19.1,0,Verified
26.7,0,0.0,100.0,50.0,0,21.3,23.66,2.7,0.0,1,100.0,2,Rejected
75.8,1,123.0,0.0,6.6,1,333.0,6.14,1.9,54.1,0,6.6,0,Verified
83.6,1,146.0,15.8,8.7,1,144.2,3.08,9.8,89.2,0,0.0,0,Verified
100.0,1,18.0,8.6,17.1,1,763.7,10.72,3.9,55.5,0,19.2,0,Verified
23.8,0,0.0,92.2,56.2,1,6.1,2.54,6.4,0.0,1,91.4,2,Rejected
95.7,1,120.0,32.3,11.1,1,624.6,2.36,7.9,47.3,0,14.5,0,Verified
76.1,0,21.0,64.5,25.9,0,1.3,0.25,3.1,0.0,1,87.8,2,Rejected
73.2,1,41.0,6.2,5.2,1,428.0,3.17,0.9,38.0,0,8.5,0,Verified
27.5,0,0.0,62.9,87.0,0,7.3,4.21,3.6,11.1,0,76.4,2,Rejected
67.5,1,113.0,27.3,6.6,1,1.0,3.62,3.6,70.1,0,15.8,0,Verified
79.2,1,132.0,0.0,6.3,1,369.0,5.41,2.7,67.5,0,0.0,0,Verified
68.9,1,12.0,49.6,77.2,1,5.3,16.48,4.5,0.0,1,61.5,1,Flagged for Review
72.9,0,5.0,92.7,62.5,1,19.1,21.49,12.1,33.5,0,52.3,1,Flagged for Review
38.1,0,23.0,88.0,20.4,0,14.7,1.49,36.1,17.6,0,84.8,2,Rejected
71.5,1,121.0,0.0,19.8,1,424.5,3.61,1.6,75.8,0,1.5,0,Verified
54.5,1,88.0,3.8,8.5,1,231.4,3.97,0.1,55.9,0,15.0,0,Verified
81.7,1,109.0,12.1,35.2,1,653.1,9.29,6.0,88.1,0,5.5,0,Verified
86.1,1,78.0,23.3,0.0,1,364.4,5.53,6.0,52.4,0,4.2,0,Verified
85.5,1,108.0,6.6,1.6,1,335.6,6.12,2.7,55.4,0,9.1,0,Verified
77.4,1,5.0,18.3,9.6,1,336.7,4.88,0.9,54.9,0,11.5,0,Verified
83.7,1,129.0,0.0,17.0,1,394.4,6.91,0.1,32.1,0,0.0,0,Verified
100.0,1,105.0,0.0,0.0,1,311.2,9.05,0.0,68.7,0,6.4,0,Verified
87.3,1,95.0,5.2,2.1,1,198.7,0.0,0.2,65.9,0,3.8,0,Verified
76.8,1,120.0,24.4,19.1,1,677.2,7.71,1.3,53.1,0,0.0,0,Verified
13.8,0,30.0,92.8,35.0,0,1.5,9.41,32.2,0.0,0,81.7,2,Rejected
79.6,1,197.0,12.9,28.4,1,320.3,6.25,0.9,47.1,0,7.4,0,Verified
100.0,1,105.0,12.8,6.6,1,531.6,3.31,3.6,23.9,0,0.0,0,Verified
79.4,1,103.0,21.1,1.2,1,502.9,2.12,9.6,89.2,0,15.5,0,Verified
0.0,1,0.0,51.4,50.5,1,7.4,0.0,42.2,30.0,0,42.6,1,Flagged for Review
75.2,1,111.0,16.9,31.3,1,616.3,2.74,1.9,66.3,1,29.6,0,Verified
97.4,0,172.0,1.7,17.0,1,559.8,8.79,14.3,48.9,0,14.5,0,Verified
100.0,1,157.0,29.8,27.1,1,466.3,5.98,8.1,61.2,0,14.3,0,Verified
0.0,1,0.0,56.2,55.9,0,25.1,0.55,20.5,18.0,0,84.7,2,Rejected
83.2,1,135.0,1.2,0.9,1,314.3,4.2,1.2,50.9,0,6.9,0,Verified
82.5,1,94.0,15.5,23.3,1,367.5,0.98,0.8,38.7,0,19.7,0,Verified
48.6,0,45.0,10.8,0.0,1,99.7,5.01,0.5,59.7,0,24.1,0,Verified
92.4,1,101.0,13.3,17.1,1,409.8,1.28,1.8,71.6,0,7.2,0,Verified
83.9,1,99.0,12.3,11.1,1,651.9,11.69,1.3,36.1,0,8.5,0,Verified
88.0,1,157.0,0.0,26.9,1,647.9,6.57,4.1,68.0,0,0.0,0,Verified
16.5,0,0.0,63.9,45.5,1,35.0,0.0,18.1,11.9,0,47.4,1,Flagged for Review
76.6,1,183.0,18.9,18.8,1,696.7,6.95,4.0,67.3,0,9.2,0,Verified
76.2,1,164.0,23.6,15.6,1,915.5,3.27,1.0,50.6,0,13.3,0,Verified
30.7,0,12.0,43.6,59.9,0,1.4,14.28,19.9,29.1,0,69.9,2,Rejected
44.9,1,4.0,100.0,58.5,1,4.5,26.63,17.9,48.2,1,66.0,2,Rejected
24.3,0,0.0,61.4,54.6,1,21.5,11.19,71.2,19.7,0,53.9,1,Flagged for Review
88.0,1,171.0,21.3,29.3,1,92.9,2.11,0.6,28.8,0,1.0,0,Verified
64.1,1,49.0,21.6,30.8,1,443.7,3.18,1.0,46.0,0,7.2,0,Verified
80.2,1,178.0,11.9,10.3,1,158.2,4.09,0.8,26.0,0,16.3,0,Verified
72.9,1,127.0,0.0,14.9,1,950.2,3.32,2.6,82.9,0,0.0,0,Verified
51.3,1,117.0,27.8,13.0,1,575.4,1.35,0.2,53.5,0,10.1,0,Verified
27.9,1,25.0,100.0,48.6,0,17.8,15.01,3.1,0.0,0,78.7,2,Rejected
58.6,0,25.0,66.3,31.1,1,39.2,0.0,47.4,16.8,0,32.6,0,Verified
89.5,1,139.0,14.1,31.2,1,159.2,7.75,1.2,55.1,0,3.8,0,Verified
35.9,1,16.0,71.1,66.1,0,27.3,0.0,13.1,0.0,1,92.8,2,Rejected
36.0,0,0.0,65.8,48.1,1,18.0,0.0,14.1,27.9,1,64.3,1,Flagged for Review
75.2,0,92.0,0.0,26.1,1,254.1,3.54,1.0,80.1,0,27.7,0,Verified
93.8,1,108.0,7.8,16.8,1,594.5,4.75,2.9,38.7,0,0.0,0,Verified
67.3,1,69.0,12.4,18.7,1,605.0,9.03,4.0,80.8,0,8.1,0,Verified
46.6,1,95.0,20.4,1.0,1,421.3,8.88,0.9,23.5,0,9.6,0,Verified
78.8,1,94.0,11.1,8.8,1,1.0,7.35,1.1,80.1,0,18.7,0,Verified
80.0,1,81.0,16.3,29.3,1,865.8,5.51,3.1,9.0,0,11.3,0,Verified
83.9,1,116.0,9.7,4.6,1,364.7,6.29,10.1,49.3,0,1.6,0,Verified
92.2,1,95.0,9.7,24.7,1,1124.4,5.93,0.7,76.8,0,11.5,0,Verified
69.2,0,9.0,53.2,83.2,1,7.4,24.62,58.1,23.7,1,63.1,1,Flagged for Review
85.6,0,37.0,8.1,0.0,1,365.4,3.99,7.1,28.4,0,7.4,0,Verified
98.7,1,105.0,0.0,34.8,1,536.4,7.81,1.9,58.1,0,17.9,0,Verified
60.7,1,116.0,2.3,11.9,1,1.0,1.76,1.1,61.9,0,20.4,0,Verified
89.1,1,96.0,12.4,5.5,1,686.8,8.72,3.3,58.7,0,8.6,0,Verified
90.8,1,102.0,7.5,28.4,1,1087.4,4.31,0.1,47.7,0,11.7,0,Verified
60.6,1,0.0,54.0,15.4,0,1.7,15.51,32.2,8.5,1,73.6,2,Rejected
61.0,1,126.0,6.8,23.0,1,345.3,3.64,0.9,75.6,0,5.9,0,Verified
45.1,1,21.0,53.9,32.7,0,14.0,26.38,85.9,15.0,0,65.1,2,Rejected
0.0,1,10.0,46.0,39.1,0,19.8,19.67,29.6,24.9,1,72.9,2,Rejected
15.7,1,2.0,85.4,48.4,0,16.2,17.04,1.2,24.5,0,71.2,2,Rejected
73.4,0,119.0,10.1,20.3,1,519.5,3.42,9.3,46.2,0,18.1,0,Verified
23.4,1,0.0,48.1,58.1,0,0.8,1.1,20.7,4.5,0,76.0,2,Rejected
73.4,0,117.0,8.2,14.0,0,464.3,4.84,0.2,78.8,0,30.9,0,Verified
31.0,1,6.0,80.8,46.9,0,2.8,23.79,0.1,21.1,1,84.9,2,Rejected
82.2,0,39.0,0.0,27.4,1,505.3,4.39,2.3,41.2,0,20.5,0,Verified
0.0,1,0.0,47.1,55.3,1,36.6,1.77,18.6,7.8,1,54.3,1,Flagged for Review
80.5,1,181.0,0.0,0.0,1,310.2,5.02,3.1,53.2,0,7.3,0,Verified
100.0,0,0.0,4.8,9.4,1,632.8,6.35,7.1,55.1,0,14.9,0,Verified
71.5,1,104.0,15.2,0.9,1,100.0,5.12,0.5,50.5,0,11.5,0,Verified
32.9,0,23.0,86.1,46.8,1,0.5,25.6,24.0,23.6,0,59.9,1,Flagged for Review
84.9,1,106.0,15.2,23.1,1,254.4,2.7,1.3,93.6,0,9.1,0,Verified
79.8,1,92.0,5.6,13.2,1,442.9,5.53,2.0,56.3,0,2.6,0,Verified
100.0,1,116.0,12.4,8.8,1,337.8,8.18,7.8,98.5,0,0.2,0,Verified
48.6,0,21.0,40.6,72.1,1,0.2,27.88,84.6,8.8,0,55.4,1,Flagged for Review
18.8,0,7.0,81.3,31.2,1,25.5,0.0,14.5,0.0,0,68.2,2,Rejected
64.7,1,79.0,12.5,4.3,1,1.0,4.36,0.8,67.1,0,24.2,0,Verified
95.3,1,160.0,20.6,0.0,1,67.1,3.6,3.9,40.3,0,10.9,0,Verified
100.0,1,174.0,9.8,0.0,1,678.5,3.33,1.5,66.9,0,8.6,0,Verified
100.0,1,104.0,9.8,27.2,0,167.9,1.39,8.0,45.7,0,24.7,0,Verified
99.1,1,48.0,20.7,18.0,1,523.4,4.39,0.7,27.2,0,18.7,0,Verified
13.5,0,0.0,33.1,31.9,1,1.8,25.37,0.6,12.7,0,53.8,1,Flagged for Review
76.9,1,102.0,25.8,27.2,1,634.3,2.3,5.5,49.2,0,9.7,0,Verified
41.3,0,15.0,69.2,83.9,1,22.8,0.05,5.8,0.0,0,67.2,2,Rejected
100.0,0,65.0,19.1,0.0,1,1138.7,2.63,5.2,30.5,0,16.7,0,Verified
88.6,1,75.0,16.0,16.6,1,913.5,1.53,0.5,58.2,0,3.0,0,Verified
75.1,1,133.0,1.1,15.5,1,338.0,2.61,6.5,58.3,0,5.3,0,Verified
34.3,0,0.0,95.0,84.0,1,14.2,0.0,3.3,0.0,0,68.8,2,Rejected
24.4,0,8.0,72.5,100.0,0,13.9,26.3,26.3,17.8,1,100.0,2,Rejected
3.6,1,0.0,89.2,17.9,0,9.8,20.61,9.6,30.2,0,71.8,2,Rejected
